Script_Id,Script_Title,rt_title,Movie_Release_Date,Script_Date,rt_id,rt_year,rt_critics_score,rt_audience_score,Clean_Script_Title,title_match
830,Reindeer Games,Reindeer Games (Deception),2/1/2000,,16279.0,2000.0,25.0,28.0,Reindeer Games,1
843,RKO 281,RKO 281: The Battle Over Citizen Kane,11/1/1999,5/1/1997,746767079.0,1999.0,92.0,74.0,RKO 281,1
845,Robin Hood  Prince of Thieves,Robin Hood: Prince of Thieves,,7/1/1990,10372.0,1991.0,59.0,73.0,Robin Hood  Prince of Thieves,1
861,S. Darko,S. Darko: A Donnie Darko Tale,5/9/2014,,770782179.0,2009.0,0.0,18.0,S. Darko,1
871,Scott Pilgrim vs the World,Scott Pilgrim vs. the World,8/10/2014,5/10/2014,770782775.0,2010.0,82.0,83.0,Scott Pilgrim vs the World,1
882,"Seventh Seal, The",The Seventh Seal (Det Sjunde inseglet),,,341817599.0,1957.0,94.0,94.0,The Seventh Seal,1
924,Someone To Watch Over Me,Someone to Watch over Me,,12/1/1986,13915.0,1987.0,76.0,43.0,Someone To Watch Over Me,1
942,Star Wars  A New Hope,Star Wars: Episode IV - A New Hope,5/1/1977,1/1/1976,11292.0,1977.0,93.0,96.0,Star Wars  A New Hope,1
944,Star Wars  Return of the Jedi,Star Wars: Episode VI - Return of the Jedi,,12/1/1981,11366.0,1983.0,78.0,95.0,Star Wars  Return of the Jedi,1
946,Star Wars  The Empire Strikes Back,Star Wars: Episode V - The Empire Strikes Back,5/1/1980,,11470.0,1980.0,96.0,97.0,Star Wars  The Empire Strikes Back,1
947,Star Wars  The Phantom Menace,Star Wars: Episode I - The Phantom Menace,,6/21/1905,10008.0,1999.0,57.0,61.0,Star Wars  The Phantom Menace,1
970,Sweeney Todd  The Demon Barber of Fleet Street,Sweeney Todd: The Demon Barber of Fleet Street,12/7/2014,12/6/2014,770672301.0,2007.0,86.0,81.0,Sweeney Todd  The Demon Barber of Fleet Street,1
988,The Rage  Carrie 2,The Rage: Carrie 2,3/1/1999,2/1/1998,14152.0,1999.0,21.0,34.0,The Rage  Carrie 2,1
1000,Three Men and a Baby,Three Men and a Baby (3 Men and a Baby),,11/1/1986,10716.0,1987.0,75.0,47.0,Three Men and a Baby,1
1023,Tristan and Isolde,Tristan & Isolde,1/6/2014,,2864426.0,2005.0,32.0,72.0,Tristan and Isolde,1
1025,TRON  Legacy,Tron Legacy,12/10/2014,,770785471.0,2010.0,51.0,64.0,TRON  Legacy,1
1033,Twilight  New Moon,The Twilight Saga: New Moon,11/9/2014,12/8/2014,770801331.0,2009.0,27.0,61.0,Twilight  New Moon,1
1036,Two For The Money,Two For the Money,10/5/2014,10/4/2014,8568.0,2005.0,22.0,49.0,Two For The Money,1
1057,"Walk to Remember, A",A Walk to Remember,,7/1/2000,10093.0,2002.0,27.0,78.0,"Walk to Remember, A",1
1060,Wall-E,WALL-E,6/8/2014,,770671491.0,2008.0,96.0,89.0,Wall-E,1
1087,Wild Things  Diamonds in the Rough,Wild Things: Diamonds in the Rough,2/5/2014,2/4/2014,486278199.0,2005.0,-1.0,24.0,Wild Things  Diamonds in the Rough,1
1094,"Wizard of Oz, The","Wizard of Oz, The - We're Off to Save the Wizard",,3/1/1939,770896505.0,1992.0,-1.0,100.0,The Wizard of Oz,1
1097,"World is not Enough, The",The World Is Not Enough,,6/21/1905,10446.0,1999.0,51.0,50.0,The World is not Enough,1
680,Men in Black 3,Men in Black III,5/12/2014,,771041419.0,2012.0,70.0,71.0,Men in Black 3,1
687,Mighty Morphin Power Rangers  The Movie,Mighty Morphin Power Rangers - The Movie,6/1/1995,10/1/1994,11319.0,1995.0,50.0,57.0,Mighty Morphin Power Rangers  The Movie,1
698,Mission to Mars,Mission To Mars,3/1/2000,,10912.0,2000.0,25.0,30.0,Mission to Mars,1
706,Mr Blandings Builds His Dream House,Mr. Blandings Builds His Dream House,6/1/1948,,18202.0,1948.0,80.0,76.0,Mr Blandings Builds His Dream House,1
707,Mr Brooks,Mr. Brooks,6/7/2014,,577183017.0,2007.0,55.0,76.0,Mr Brooks,1
708,Mr Deeds Goes to Town,Mr. Deeds Goes to Town,4/1/1936,12/1/1935,18903.0,1936.0,94.0,86.0,Mr Deeds Goes to Town,1
776,"Perfect World, A",A Perfect World,,12/1/1992,11109.0,1993.0,81.0,84.0,"Perfect World, A",1
788,Pirates of the Caribbean  Dead Man's Chest,Pirates of the Caribbean: Dead Man's Chest,7/6/2014,8/6/2014,190815398.0,2006.0,54.0,72.0,Pirates of the Caribbean  Dead Man's Chest,1
795,Pokemon  Mewtwo Returns,Pokemon - Mewtwo Returns,,6/22/1905,19297.0,1997.0,-1.0,59.0,Pokemon  Mewtwo Returns,1
798,Precious,Precious: Based on the Novel Push by Sapphire,11/9/2014,1/8/2014,770803691.0,2008.0,91.0,81.0,Precious,1
3,12 and Holding,Twelve and Holding (12 and Holding),5/6/2014,4/4/2014,155655015.0,2005.0,73.0,79.0,12 and Holding,1
10,2001  A Space Odyssey,2001: A Space Odyssey,,2/1/1989,9917.0,1968.0,97.0,89.0,2001  A Space Odyssey,1
16,50-50,50/50,9/11/2014,7/8/2014,771234468.0,2011.0,93.0,88.0,50-50,1
20,9,Nine,9/9/2014,,770783485.0,2009.0,37.0,37.0,9,1
31,"Adventures of Buckaroo Banzai Across the Eighth Dimension, The",The Adventures of Buckaroo Banzai Across the 8th Dimension,,3/1/1983,10264.0,1984.0,71.0,71.0,The Adventures of Buckaroo Banzai Across the Eighth Dimension,1
34,After.Life,AfterLife,4/10/2014,7/8/2014,770728549.0,2003.0,-1.0,67.0,After.Life,1
37,Airplane,Airplane!,7/1/1980,6/1/1979,10421.0,1980.0,98.0,89.0,Airplane,1
38,Airplane 2  The Sequel,Airplane 2 - The Sequel,12/1/1982,2/1/1982,10442.0,1982.0,39.0,51.0,Airplane 2  The Sequel,1
45,Alien  Resurrection,Alien Resurrection,,,13889.0,1997.0,52.0,41.0,Alien  Resurrection,1
49,All the King's Men,All The King's Men,11/1/1949,,287865326.0,2006.0,11.0,40.0,All the King's Men,1
64,American Shaolin  King of Kickboxers II,American Shaolin - King of the Kickboxers II,,,770901516.0,1992.0,-1.0,27.0,American Shaolin  King of Kickboxers II,1
134,Battle  Los Angeles,Battle: Los Angeles,3/11/2014,5/9/2014,770815449.0,2011.0,35.0,48.0,Battle  Los Angeles,1
161,Blade  Trinity,Blade: Trinity,12/4/2014,,17000.0,2004.0,26.0,60.0,Blade  Trinity,1
175,Bonfire of the Vanities,The Bonfire of the Vanities,,7/1/1990,14676.0,1990.0,16.0,27.0,Bonfire of the Vanities,1
179,Boondock Saints 2  All Saints Day,The Boondock Saints II: All Saints Day,11/9/2014,9/7/2014,770807373.0,2009.0,23.0,58.0,Boondock Saints 2  All Saints Day,1
208,Cable Guy,The Cable Guy,,10/1/1996,10786.0,1996.0,54.0,51.0,Cable Guy,1
209,Candle to Water,Candle To Water,11/12/2014,5/12/2014,771369698.0,2013.0,-1.0,0.0,Candle to Water,1
234,"Chronicles of Narnia  The Lion, the Witch and the Wardrobe","The Chronicles of Narnia: The Lion, The Witch and The Wardrobe",12/5/2014,,24214.0,2005.0,76.0,61.0,"Chronicles of Narnia  The Lion, the Witch and the Wardrobe",1
238,Cirque du Freak  The Vampire's Assistant,Cirque du Freak: The Vampire's Assistant,10/9/2014,,770767597.0,2009.0,38.0,42.0,Cirque du Freak  The Vampire's Assistant,1
268,"Crazy, Stupid, Love","Crazy, Stupid, Love.",7/11/2014,2/10/2014,771203531.0,2011.0,78.0,77.0,"Crazy, Stupid, Love",1
276,"Crow  City of Angels, The",The Crow: City of Angels,8/1/1996,,16817.0,1996.0,12.0,42.0,The Crow  City of Angels,1
283,Dances with Wolves,Dances With Wolves,11/1/1990,5/1/1989,12772.0,1990.0,81.0,87.0,Dances with Wolves,1
310,Devil's Advocate,The Devil's Advocate,10/1/1997,1/1/1997,22536.0,1997.0,66.0,80.0,Devil's Advocate,1
317,Do The Right Thing,Do the Right Thing,,3/1/1988,13900.0,1989.0,96.0,90.0,Do The Right Thing,1
329,"Dry White Season, A",A Dry White Season,,5/1/1987,13168.0,1989.0,86.0,76.0,"Dry White Season, A",1
333,E.T.,E.T. The Extra-Terrestrial,,6/4/1905,10489.0,1982.0,98.0,71.0,E.T.,1
344,Elizabeth  The Golden Age,Elizabeth: The Golden Age,10/7/2014,7/6/2014,770669564.0,2007.0,35.0,59.0,Elizabeth  The Golden Age,1
352,Escape From L.A.,Escape from L.A.,,6/18/1905,14018.0,1996.0,53.0,40.0,Escape From L.A.,1
353,Escape From New York,Escape from New York,,6/3/1905,14097.0,1981.0,83.0,77.0,Escape From New York,1
365,Face Off,Face/Off,6/1/1997,9/1/1996,13172.0,1997.0,91.0,83.0,Face Off,1
369,Fantastic Mr Fox,Fantastic Mr. Fox,11/9/2014,3/7/2014,770685760.0,2009.0,93.0,84.0,Fantastic Mr Fox,1
410,G.I. Joe  The Rise of Cobra,G.I. Joe: The Rise of Cobra,8/9/2014,11/7/2014,770677827.0,2009.0,34.0,50.0,G.I. Joe  The Rise of Cobra,1
436,"Godfather Part III, The","The Godfather, Part III",12/1/1990,3/1/1979,13476.0,1990.0,68.0,78.0,The Godfather Part III,1
451,Gremlins 2,Gremlins 2: The New Batch,6/1/1990,2/1/1989,11414.0,1990.0,69.0,57.0,Gremlins 2,1
468,Harold and Kumar Go to White Castle,Harold & Kumar Go to White Castle,6/4/2014,5/3/2014,16982.0,2004.0,74.0,80.0,Harold and Kumar Go to White Castle,1
485,Hellboy 2  The Golden Army,Hellboy II: The Golden Army (Hellboy 2),7/8/2014,,770673038.0,2008.0,87.0,70.0,Hellboy 2  The Golden Army,1
487,Hellraiser 3  Hell on Earth,Hellraiser 3: Hell on Earth,9/1/1992,7/1/1991,13361.0,1992.0,17.0,37.0,Hellraiser 3  Hell on Earth,1
488,Hellraiser  Deader,Hellraiser - Deader,6/5/2014,8/2/2014,13282.0,2004.0,17.0,27.0,Hellraiser  Deader,1
489,Hellraiser  Hellseeker,Hellraiser VI - Hellseeker,10/2/2014,10/1/2000,13387.0,2001.0,0.0,37.0,Hellraiser  Hellseeker,1
516,I am Sam,I Am Sam,1/2/2014,,10389.0,2001.0,34.0,87.0,I am Sam,1
529,Indiana Jones and the Raiders of the Lost Ark,Raiders of the Lost Ark,,6/3/1905,23529.0,1981.0,95.0,96.0,Indiana Jones and the Raiders of the Lost Ark,1
532,"Informant, The",The Informant!,9/9/2014,1/3/2014,770783635.0,2009.0,78.0,43.0,The Informant,1
560,Jennifer Eight,Jennifer 8,11/1/1992,6/1/1991,14660.0,1992.0,35.0,37.0,Jennifer Eight,1
584,Kramer vs Kramer,Kramer vs. Kramer,,6/1/1905,11122.0,1979.0,87.0,89.0,Kramer vs Kramer,1
631,"Lord of the Rings  Fellowship of the Ring, The",The Lord of the Rings: The Fellowship of the Ring,,,12769.0,2001.0,91.0,95.0,The Lord of the Rings  Fellowship of the Ring,1
632,Lord of the Rings  Return of the King,The Lord of the Rings: The Return of the King,12/3/2014,10/3/2014,10156.0,2003.0,94.0,86.0,Lord of the Rings  Return of the King,1
633,Lord of the Rings  The Two Towers,Lord Of The Rings: The Fellowship Of The Rings & Two Towers (Dou,12/2/2014,,771323009.0,2003.0,-1.0,90.0,Lord of the Rings  The Two Towers,1
639,Lost in Translation,Lost In Translation,10/3/2014,9/2/2014,12972.0,2003.0,95.0,86.0,Lost in Translation,1
643,Mad Max 2  The Road Warrior,Mad Max 2: The Road Warrior,5/1/1982,4/1/1981,13087.0,1981.0,100.0,85.0,Mad Max 2  The Road Warrior,1
651,Man On Fire,Man on Fire,4/4/2014,2/3/2014,12876.0,2004.0,39.0,90.0,Man On Fire,1
667,Master and Commander,Master and Commander: The Far Side of the World,11/3/2014,,10125.0,2003.0,85.0,80.0,Master and Commander,1
819,Rachel Getting Married,Rachel Getting Married,,,770784042.0,2008.0,85.0,62.0,Rachel Getting Married,1
824,"Reader, The",The Reader,1/9/2014,,770684517.0,2008.0,61.0,79.0,The Reader,1
826,Rear Window,Rear Window,,12/1/1953,10046.0,1954.0,100.0,95.0,Rear Window,1
829,Red Riding Hood,Red Riding Hood,3/11/2014,7/9/2014,771039609.0,2011.0,10.0,39.0,Red Riding Hood,1
832,Remember Me,Remember Me,3/10/2014,4/9/2014,770860248.0,1985.0,-1.0,50.0,Remember Me,1
833,"Replacements, The",The Replacements,,2/1/1999,10271.0,2000.0,40.0,67.0,The Replacements,1
834,Repo Man,Repo Man,3/1/1984,,16154.0,1984.0,98.0,79.0,Repo Man,1
835,"Rescuers Down Under, The",The Rescuers Down Under,,11/1/1990,9505.0,1990.0,68.0,68.0,The Rescuers Down Under,1
836,Reservoir Dogs,Reservoir Dogs,,10/1/1990,14978.0,1992.0,92.0,94.0,Reservoir Dogs,1
839,Revolutionary Road,Revolutionary Road,12/8/2014,,770674037.0,2008.0,68.0,71.0,Revolutionary Road,1
841,Rise of the Guardians,Rise of the Guardians,11/12/2014,9/12/2014,771229644.0,2012.0,74.0,81.0,Rise of the Guardians,1
844,"Road, The",The Road,11/9/2014,,770782192.0,2009.0,75.0,68.0,The Road,1
848,RocknRolla,RocknRolla,10/8/2014,6/7/2014,770681350.0,2008.0,59.0,71.0,RocknRolla,1
850,"Rocky Horror Picture Show, The",The Rocky Horror Picture Show,,5/28/1905,14020.0,1975.0,78.0,86.0,The Rocky Horror Picture Show,1
853,"Roommate, The",The Roommate,2/11/2014,4/9/2014,770813870.0,2011.0,4.0,27.0,The Roommate,1
854,Roughshod,Roughshod,5/1/1949,,770810947.0,1949.0,-1.0,33.0,Roughshod,1
855,"Ruins, The",The Ruins,4/8/2014,,770680566.0,2008.0,48.0,30.0,The Ruins,1
856,Runaway Bride,Runaway Bride,,6/21/1905,11674.0,1999.0,46.0,53.0,Runaway Bride,1
865,Save the Last Dance,Save the Last Dance,,6/1/1999,10398.0,2001.0,53.0,59.0,Save the Last Dance,1
868,Scarface,Scarface,,,12881.0,1983.0,88.0,94.0,Scarface,1
872,Scream,Scream,,7/1/1995,17135.0,1996.0,80.0,78.0,Scream,1
873,Scream 2,Scream 2,,6/19/1905,16559.0,1997.0,81.0,55.0,Scream 2,1
874,Scream 3,Scream 3,,5/1/1999,13688.0,2000.0,36.0,38.0,Scream 3,1
877,Semi-Pro,Semi-Pro,2/8/2014,6/6/2014,770674955.0,2008.0,21.0,38.0,Semi-Pro,1
878,Sense and Sensibility,Sense and Sensibility,,6/17/1905,10042.0,1995.0,98.0,90.0,Sense and Sensibility,1
879,Serenity,Serenity,9/5/2014,4/4/2014,8266.0,2005.0,82.0,92.0,Serenity,1
883,Sex and the City,Sex and the City,5/8/2014,,770680567.0,2008.0,49.0,77.0,Sex and the City,1
885,Sexual Life,Sexual Life,3/5/2014,,175340718.0,2004.0,-1.0,43.0,Sexual Life,1
887,Shakespeare in Love,Shakespeare in Love,,,14753.0,1998.0,93.0,80.0,Shakespeare in Love,1
888,Shallow Grave,Shallow Grave,2/1/1995,,16178.0,1994.0,72.0,83.0,Shallow Grave,1
889,Shame,Shame,12/11/2014,,771251632.0,2011.0,79.0,75.0,Shame,1
892,She's Out of My League,She's Out of My League,3/10/2014,,770682073.0,2010.0,58.0,59.0,She's Out of My League,1
893,Sherlock Holmes,Sherlock Holmes,12/9/2014,9/8/2014,770796118.0,2009.0,70.0,77.0,Sherlock Holmes,1
894,Shifty,Shifty,9/9/2014,,770804365.0,2008.0,96.0,67.0,Shifty,1
896,"Shipping News, The",The Shipping News,1/2/2014,2/1/1999,13675.0,2001.0,55.0,63.0,The Shipping News,1
897,Shivers,Shivers,7/1/1976,,770934827.0,1999.0,-1.0,100.0,Shivers,1
899,Shrek the Third,Shrek the Third,5/7/2014,,387253026.0,2007.0,40.0,53.0,Shrek the Third,1
900,Sideways,Sideways,1/5/2014,5/3/2014,12851.0,2004.0,96.0,78.0,Sideways,1
905,Silver Linings Playbook,Silver Linings Playbook,12/12/2014,,771253886.0,2012.0,92.0,86.0,Silver Linings Playbook,1
907,Sister Act,Sister Act,5/1/1992,7/1/1991,10317.0,1992.0,71.0,64.0,Sister Act,1
908,Six Degrees of Separation,Six Degrees of Separation,12/1/1993,4/1/1992,13622.0,1993.0,88.0,72.0,Six Degrees of Separation,1
910,Sleepless in Seattle,Sleepless in Seattle,,5/1/1992,12631.0,1993.0,71.0,75.0,Sleepless in Seattle,1
913,Slither,Slither,3/6/2014,9/4/2014,133759650.0,2006.0,86.0,62.0,Slither,1
914,Slumdog Millionaire,Slumdog Millionaire,1/9/2014,11/7/2014,770770017.0,2008.0,94.0,90.0,Slumdog Millionaire,1
915,Smashed,Smashed,10/12/2014,9/11/2014,771266233.0,2012.0,84.0,67.0,Smashed,1
916,Smokin' Aces,Smokin' Aces,1/7/2014,4/5/2014,387399996.0,2007.0,29.0,62.0,Smokin' Aces,1
917,Snatch,Snatch,1/1/2014,8/1/1999,16867.0,2001.0,73.0,94.0,Snatch,1
920,Snow White and the Huntsman,Snow White and the Huntsman,6/12/2014,11/11/2014,771218292.0,2012.0,48.0,52.0,Snow White and the Huntsman,1
921,So I Married an Axe Murderer,So I Married an Axe Murderer,,6/15/1905,10601.0,1993.0,52.0,69.0,So I Married an Axe Murderer,1
923,Soldier,Soldier,10/1/1998,10/1/1997,13402.0,1998.0,10.0,43.0,Soldier,1
925,Something's Gotta Give,Something's Gotta Give,12/3/2014,6/2/2014,10126.0,2003.0,71.0,70.0,Something's Gotta Give,1
926,Source Code,Source Code,4/11/2014,1/7/2014,771174105.0,2011.0,92.0,81.0,Source Code,1
928,Spanglish,Spanglish,12/4/2014,,10163.0,2004.0,53.0,61.0,Spanglish,1
930,Spartan,Spartan,,2/2/2014,13523.0,2004.0,64.0,63.0,Spartan,1
932,Speed Racer,Speed Racer,5/8/2014,1/7/2014,770669719.0,2008.0,39.0,60.0,Speed Racer,1
935,St. Elmo's Fire,St. Elmo's Fire,6/1/1985,9/1/1984,13025.0,1985.0,47.0,70.0,St. Elmo's Fire,1
936,Star Trek,Star Trek,5/9/2014,11/7/2014,770673029.0,2009.0,95.0,91.0,Star Trek,1
948,Starman,Starman,12/1/1984,,10746.0,1984.0,79.0,68.0,Starman,1
949,Starship Troopers,Starship Troopers,,6/19/1905,13719.0,1997.0,63.0,69.0,Starship Troopers,1
951,Station West,Station West,10/1/1948,6/1/1947,770889089.0,1948.0,-1.0,44.0,Station West,1
954,Stir of Echoes,Stir of Echoes,9/1/1999,3/1/1998,14386.0,1999.0,67.0,70.0,Stir of Echoes,1
956,Strange Days,Strange Days,10/1/1995,8/1/1993,13697.0,1995.0,63.0,73.0,Strange Days,1
957,Strangers on a Train,Strangers on a Train,,10/1/1950,10699.0,1951.0,98.0,93.0,Strangers on a Train,1
959,Sugar,Sugar,4/9/2014,,770764963.0,2008.0,93.0,80.0,Sugar,1
962,Sunshine Cleaning,Sunshine Cleaning,3/9/2014,3/7/2014,770682576.0,2008.0,72.0,62.0,Sunshine Cleaning,1
963,Super 8,Super 8,6/11/2014,12/10/2014,771041011.0,2011.0,82.0,75.0,Super 8,1
964,Superbad,Superbad,8/7/2014,7/6/2014,742790759.0,2007.0,88.0,87.0,Superbad,1
966,Supergirl,Supergirl,,1/1/1983,11892.0,1984.0,8.0,27.0,Supergirl,1
967,"Surfer King, The",The Surfer King,1/6/2014,4/4/2014,770676849.0,2006.0,-1.0,24.0,The Surfer King,1
968,Surrogates,Surrogates,9/9/2014,10/7/2014,770801542.0,2009.0,39.0,38.0,Surrogates,1
969,Suspect Zero,Suspect Zero,8/4/2014,11/1/2014,14189.0,2004.0,18.0,39.0,Suspect Zero,1
974,Swordfish,Swordfish,,1/1/2014,13173.0,2001.0,26.0,61.0,Swordfish,1
975,"Synecdoche, New York","Synecdoche, New York",3/9/2014,7/7/2014,770682711.0,2008.0,69.0,70.0,"Synecdoche, New York",1
976,Syriana,Syriana,12/5/2014,,9369.0,2005.0,72.0,68.0,Syriana,1
977,Taking Lives,Taking Lives,3/4/2014,2/3/2014,17141.0,2004.0,22.0,57.0,Taking Lives,1
979,Taking Sides,Taking Sides,9/3/2014,,20070.0,2001.0,73.0,72.0,Taking Sides,1
981,Tall in the Saddle,Tall in the Saddle,9/1/1944,,18797.0,1941.0,-1.0,70.0,Tall in the Saddle,1
982,Tamara Drewe,Tamara Drewe,10/10/2014,10/9/2014,771042123.0,2010.0,66.0,43.0,Tamara Drewe,1
984,Ted,Ted,6/12/2014,,771236465.0,2012.0,68.0,74.0,Ted,1
987,Terminator Salvation,Terminator Salvation,5/9/2014,10/5/2014,770676948.0,2009.0,33.0,55.0,Terminator Salvation,1
995,This Boy's Life,This Boy's Life,,3/1/1992,13933.0,1993.0,75.0,80.0,This Boy's Life,1
996,This is 40,This is 40,12/12/2014,,771225336.0,2012.0,51.0,51.0,This is 40,1
997,Thor,Thor,5/11/2014,,770783549.0,2011.0,77.0,76.0,Thor,1
1002,Thunderheart,Thunderheart,4/1/1992,10/1/1990,13235.0,1992.0,87.0,75.0,Thunderheart,1
1003,Ticker,Ticker,11/1/2014,11/1/1997,14062.0,2001.0,-1.0,16.0,Ticker,1
1004,Timber Falls,Timber Falls,12/7/2014,9/6/2014,770680423.0,2007.0,38.0,28.0,Timber Falls,1
1006,Tin Cup,Tin Cup,,12/1/1995,13203.0,1996.0,69.0,65.0,Tin Cup,1
1007,Tin Men,Tin Men,,6/1/1986,13409.0,2002.0,79.0,63.0,Tin Men,1
1008,Tinker Tailor Soldier Spy,Tinker Tailor Soldier Spy,12/11/2014,,771223851.0,2011.0,83.0,65.0,Tinker Tailor Soldier Spy,1
1009,Titanic,Titanic,,6/19/1905,22494.0,1997.0,88.0,69.0,Titanic,1
1010,TMNT,TMNT,3/7/2014,8/5/2014,387555583.0,2007.0,34.0,61.0,TMNT,1
1013,Tomorrow Never Dies,Tomorrow Never Dies,,6/19/1905,11715.0,1997.0,57.0,54.0,Tomorrow Never Dies,1
1015,Total Recall,Total Recall,,9/1/1990,771190127.0,2012.0,30.0,47.0,Total Recall,1
1016,"Tourist, The",The Tourist,12/10/2014,6/8/2014,771035591.0,2010.0,20.0,42.0,The Tourist,1
1020,Trainspotting,Trainspotting,,6/18/1905,16743.0,1996.0,89.0,94.0,Trainspotting,1
1026,Tropic Thunder,Tropic Thunder,8/8/2014,,770681826.0,2008.0,83.0,70.0,Tropic Thunder,1
1028,True Grit,True Grit,12/10/2014,6/9/2014,770860165.0,2010.0,96.0,85.0,True Grit,1
1029,True Lies,True Lies,,6/16/1905,16394.0,1994.0,72.0,76.0,True Lies,1
1032,Twilight,Twilight,11/8/2014,2/8/2014,770797582.0,2008.0,-1.0,74.0,Twilight,1
1035,Twins,Twins,,3/1/1998,10844.0,1988.0,36.0,38.0,Twins,1
1038,"Ugly Truth, The",The Ugly Truth,7/9/2014,2/8/2014,770789184.0,2009.0,13.0,61.0,The Ugly Truth,1
1040,Under Fire,Under Fire,10/1/1983,,14738.0,1983.0,88.0,69.0,Under Fire,1
1042,Unknown,Unknown,2/11/2014,10/9/2014,382673898.0,2006.0,38.0,55.0,Unknown,1
1043,Up,Up,5/9/2014,,770671912.0,2009.0,98.0,89.0,Up,1
1044,Up in the Air,Up in the Air,12/9/2014,,770790933.0,2009.0,90.0,79.0,Up in the Air,1
1046,V for Vendetta,V for Vendetta,3/6/2014,,112770454.0,2006.0,73.0,90.0,V for Vendetta,1
1048,Valkyrie,Valkyrie,12/8/2014,1/7/2014,770671940.0,2008.0,61.0,65.0,Valkyrie,1
1049,Vanilla Sky,Vanilla Sky,12/1/2014,,13077.0,2001.0,40.0,73.0,Vanilla Sky,1
1050,"Verdict, The",The Verdict,,6/4/1905,12978.0,1982.0,96.0,89.0,The Verdict,1
1052,Very Bad Things,Very Bad Things,,9/1/1997,16423.0,1998.0,44.0,58.0,Very Bad Things,1
1055,"Visitor, The",The Visitor,4/8/2014,,770679048.0,2008.0,89.0,84.0,The Visitor,1
1058,Walking Tall,Walking Tall,4/4/2014,,10644.0,2004.0,25.0,61.0,Walking Tall,1
1061,Wanted,Wanted,6/8/2014,12/5/2014,770675607.0,2008.0,71.0,69.0,Wanted,1
1062,War Horse,War Horse,12/11/2014,,771041783.0,2011.0,77.0,74.0,War Horse,1
1063,War of the Worlds,War of the Worlds,6/5/2014,,1789.0,2005.0,74.0,41.0,War of the Worlds,1
1064,Warm Springs,Warm Springs,4/5/2014,9/4/2014,167957324.0,2005.0,-1.0,76.0,Warm Springs,1
1065,Warrior,Warrior,9/11/2014,,770857926.0,2011.0,83.0,92.0,Warrior,1
1066,Watchmen,Watchmen,3/9/2014,,770671949.0,2009.0,64.0,70.0,Watchmen,1
1067,Water for Elephants,Water for Elephants,4/11/2014,4/9/2014,771204250.0,2011.0,60.0,70.0,Water for Elephants,1
1069,We Own the Night,We Own the Night,10/7/2014,,770670992.0,2007.0,57.0,61.0,We Own the Night,1
1071,What Lies Beneath,What Lies Beneath,,6/1/1999,10686.0,2000.0,46.0,59.0,What Lies Beneath,1
1072,When a Stranger Calls,When a Stranger Calls,10/1/1979,,14662876.0,2006.0,9.0,44.0,When a Stranger Calls,1
1074,While She Was Out,While She Was Out,12/8/2014,12/6/2014,770797858.0,2008.0,31.0,18.0,While She Was Out,1
1075,"Whistleblower, The",The Whistleblower,8/11/2014,8/7/2014,771205410.0,2010.0,74.0,72.0,The Whistleblower,1
1077,White Jazz,White Jazz,,9/7/2014,770795952.0,2009.0,-1.0,0.0,White Jazz,1
1079,White Squall,White Squall,,10/1/1994,10752.0,1996.0,62.0,66.0,White Squall,1
1080,Whiteout,Whiteout,9/9/2014,12/6/2014,770674765.0,2009.0,7.0,21.0,Whiteout,1
1082,Who's Your Daddy,Who's Your Daddy,1/5/2014,,14628.0,2002.0,-1.0,39.0,Who's Your Daddy,1
1084,"Wild Bunch, The",The Wild Bunch,6/1/1969,2/1/1968,12968.0,1969.0,98.0,91.0,The Wild Bunch,1
1085,Wild Hogs,Wild Hogs,3/7/2014,7/5/2014,450816743.0,2007.0,14.0,62.0,Wild Hogs,1
1088,Wild Wild West,Wild Wild West,,5/1/1998,11293.0,1999.0,20.0,28.0,Wild Wild West,1
1090,Win Win,Win Win,3/11/2014,,771224337.0,2011.0,94.0,85.0,Win Win,1
1091,Wind Chill,Wind Chill,4/7/2014,,706675581.0,2007.0,48.0,31.0,Wind Chill,1
1096,"Woodsman, The",The Woodsman,12/4/2014,7/2/2014,13229.0,2004.0,88.0,78.0,The Woodsman,1
1098,"Wrestler, The",The Wrestler,1/9/2014,10/7/2014,770680582.0,2008.0,98.0,88.0,The Wrestler,1
1101,X-Men Origins  Wolverine,X-Men Origins - Wolverine,5/9/2014,,770675725.0,2009.0,38.0,60.0,X-Men Origins  Wolverine,1
1102,xXx,XXX,,8/1/2014,11915.0,2002.0,48.0,59.0,xXx,1
1103,Year One,Year One,6/9/2014,10/7/2014,770684022.0,2009.0,14.0,23.0,Year One,1
1104,Yes Man,Yes Man,12/8/2014,2/7/2014,770682011.0,2008.0,45.0,66.0,Yes Man,1
1105,You Can Count On Me,You Can Count On Me,11/1/2000,,13769.0,2000.0,95.0,89.0,You Can Count On Me,1
1107,Youth in Revolt,Youth in Revolt,1/10/2014,7/7/2014,770782193.0,2010.0,66.0,53.0,Youth in Revolt,1
1108,Zero Dark Thirty,Zero Dark Thirty,1/13/2014,10/11/2014,771249562.0,2012.0,93.0,80.0,Zero Dark Thirty,1
1109,Zerophilia,Zerophilia,10/6/2014,3/4/2014,358604202.0,2006.0,25.0,62.0,Zerophilia,1
670,"Matrix Reloaded, The",The Matrix Reloaded,,4/1/1999,13008.0,2003.0,73.0,72.0,The Matrix Reloaded,1
671,"Matrix, The",The Matrix,,6/1/1997,12897.0,1999.0,87.0,85.0,The Matrix,1
672,Max Payne,Max Payne,10/8/2014,8/7/2014,770706171.0,2008.0,16.0,30.0,Max Payne,1
673,Mean Streets,Mean Streets,10/1/1973,,14993.0,1973.0,98.0,85.0,Mean Streets,1
675,Meet Joe Black,Meet Joe Black,,6/20/1905,12724.0,1998.0,51.0,81.0,Meet Joe Black,1
676,Meet John Doe,Meet John Doe,5/1/1941,,20170.0,1941.0,88.0,83.0,Meet John Doe,1
677,Megamind,Megamind,11/10/2014,,770805424.0,2010.0,73.0,71.0,Megamind,1
681,"Men Who Stare at Goats, The",The Men Who Stare at Goats,11/9/2014,10/8/2014,770790932.0,2009.0,52.0,39.0,The Men Who Stare at Goats,1
682,Metro,Metro,,6/19/1905,15996.0,1997.0,15.0,27.0,Metro,1
683,Miami Vice,Miami Vice,7/6/2014,9/4/2014,190816390.0,2006.0,47.0,43.0,Miami Vice,1
685,Midnight Express,Midnight Express,10/1/1978,6/1/1977,13816.0,1978.0,95.0,90.0,Midnight Express,1
686,Midnight in Paris,Midnight in Paris,6/11/2014,,771040308.0,2011.0,93.0,82.0,Midnight in Paris,1
688,Milk,Milk,11/8/2014,,770684396.0,2008.0,94.0,89.0,Milk,1
691,Mini's First Time,Mini's First Time,6/6/2014,,248006765.0,2006.0,54.0,47.0,Mini's First Time,1
693,"Miracle Worker, The",The Miracle Worker,7/1/1962,7/1/1961,18244.0,1962.0,100.0,88.0,The Miracle Worker,1
694,Mirrors,Mirrors,8/8/2014,1/7/2014,770740067.0,2008.0,14.0,45.0,Mirrors,1
699,Moneyball,Moneyball,9/11/2014,,771189939.0,2011.0,94.0,86.0,Moneyball,1
700,Monkeybone,Monkeybone,2/1/2014,2/1/1999,11961.0,2001.0,20.0,28.0,Monkeybone,1
702,Monte Carlo,Monte Carlo,7/11/2014,11/7/2014,771202906.0,2011.0,38.0,49.0,Monte Carlo,1
703,Moon,Moon,6/9/2014,11/7/2014,770782176.0,2009.0,89.0,89.0,Moon,1
704,Moonrise Kingdom,Moonrise Kingdom,6/12/2014,5/11/2014,771242131.0,2012.0,94.0,86.0,Moonrise Kingdom,1
705,Moonstruck,Moonstruck,,6/9/1905,10256.0,1987.0,93.0,81.0,Moonstruck,1
711,Mud,Mud,5/13/2014,9/11/2014,771307452.0,2013.0,98.0,80.0,Mud,1
712,Mulan,Mulan,,6/20/1905,9714.0,1998.0,86.0,84.0,Mulan,1
714,Mumford,Mumford,9/1/1999,,14871.0,1999.0,56.0,67.0,Mumford,1
716,Music of the Heart,Music of the Heart,10/1/1999,1/1/1999,10485.0,1999.0,63.0,73.0,Music of the Heart,1
717,My Best Friend's Wedding,My Best Friend's Wedding,,6/19/1905,12712.0,1997.0,71.0,74.0,My Best Friend's Wedding,1
718,My Girl,My Girl,11/1/1991,,11521.0,1991.0,50.0,78.0,My Girl,1
720,My Week with Marilyn,My Week with Marilyn,12/11/2014,,771219504.0,2011.0,84.0,71.0,My Week with Marilyn,1
727,New York Minute,New York Minute,5/4/2014,2/3/2014,11558.0,2004.0,11.0,47.0,New York Minute,1
728,Newsies,Newsies,,6/1/1991,10068.0,1992.0,40.0,89.0,Newsies,1
729,Next,Next,4/7/2014,5/4/2014,611219283.0,2007.0,28.0,54.0,Next,1
731,"Next Three Days, The",The Next Three Days,11/10/2014,8/9/2014,770873457.0,2010.0,52.0,66.0,The Next Three Days,1
732,Nick of Time,Nick of Time,11/1/1995,3/1/1995,13222.0,1995.0,29.0,48.0,Nick of Time,1
734,Nightbreed,Nightbreed,2/1/1990,,13440.0,1990.0,38.0,63.0,Nightbreed,1
735,"Nightmare Before Christmas, The",The Nightmare Before Christmas,,8/1/1991,12490.0,1993.0,94.0,92.0,The Nightmare Before Christmas,1
739,Nine,Nine,12/9/2014,11/9/2014,770783485.0,2009.0,37.0,37.0,Nine,1
740,"Nines, The",The Nines,8/7/2014,11/6/2014,528361347.0,2006.0,64.0,62.0,The Nines,1
741,Ninja Assassin,Ninja Assassin,11/9/2014,6/8/2014,770780587.0,2009.0,26.0,54.0,Ninja Assassin,1
742,Ninotchka,Ninotchka,11/1/1939,,18487.0,1939.0,97.0,89.0,Ninotchka,1
744,No Strings Attached,No Strings Attached,1/11/2014,,771225438.0,2011.0,49.0,52.0,No Strings Attached,1
745,Notting Hill,Notting Hill,,6/21/1905,10110.0,1999.0,83.0,79.0,Notting Hill,1
748,Oblivion,Oblivion,4/13/2014,3/11/2014,771245728.0,2013.0,53.0,61.0,Oblivion,1
749,Observe and Report,Observe and Report,4/9/2014,,770801896.0,2009.0,51.0,37.0,Observe and Report,1
750,Obsessed,Obsessed,4/9/2014,10/7/2014,770885991.0,1988.0,-1.0,0.0,Obsessed,1
751,Ocean's Eleven,Ocean's Eleven,12/1/2014,5/1/2014,10182.0,2001.0,82.0,79.0,Ocean's Eleven,1
752,Ocean's Twelve,Ocean's Twelve,12/4/2014,,10049.0,2004.0,55.0,61.0,Ocean's Twelve,1
753,Office Space,Office Space,,12/1/1997,13020.0,1999.0,79.0,93.0,Office Space,1
757,Only God Forgives,Only God Forgives,7/13/2014,,771303322.0,2013.0,39.0,38.0,Only God Forgives,1
758,Ordinary People,Ordinary People,9/1/1980,,13029.0,1980.0,92.0,88.0,Ordinary People,1
760,Orphan,Orphan,7/9/2014,2/7/2014,770801898.0,2009.0,55.0,64.0,Orphan,1
761,"Other Boleyn Girl, The",The Other Boleyn Girl,2/8/2014,2/6/2014,770672985.0,2008.0,42.0,62.0,The Other Boleyn Girl,1
764,"Pacifier, The",The Pacifier,3/5/2014,3/4/2014,27.0,2005.0,20.0,60.0,The Pacifier,1
765,Pandorum,Pandorum,9/9/2014,,770799661.0,2009.0,27.0,48.0,Pandorum,1
767,ParaNorman,ParaNorman,8/12/2014,,771242305.0,2012.0,87.0,72.0,ParaNorman,1
768,Pariah,Pariah,12/11/2014,,771228631.0,2011.0,95.0,82.0,Pariah,1
771,Paul,Paul,3/11/2014,,770788767.0,2011.0,71.0,61.0,Paul,1
773,Peeping Tom,Peeping Tom,5/1/1960,,19244.0,1960.0,95.0,86.0,Peeping Tom,1
775,Perfect Creature,Perfect Creature,7/7/2014,5/4/2014,655804859.0,2006.0,-1.0,37.0,Perfect Creature,1
777,"Perks of Being a Wallflower, The",The Perks of Being a Wallflower,10/12/2014,,771230011.0,2012.0,85.0,89.0,The Perks of Being a Wallflower,1
780,Petulia,Petulia,6/1/1968,3/1/1967,446335917.0,1968.0,91.0,82.0,Petulia,1
784,"Pianist, The",The Pianist,9/2/2014,,14246.0,2002.0,96.0,96.0,The Pianist,1
786,Pineapple Express,Pineapple Express,8/8/2014,11/6/2014,770671939.0,2008.0,68.0,73.0,Pineapple Express,1
791,Platinum Blonde,Platinum Blonde,10/31/2014,,20805.0,1931.0,100.0,66.0,Platinum Blonde,1
794,Point Break,Point Break,,6/13/1905,13320.0,1991.0,68.0,79.0,Point Break,1
796,"Postman, The",The Postman,,11/1/1996,13330.0,1997.0,9.0,49.0,The Postman,1
797,"Power of One, The",The Power of One,,2/1/1990,10312.0,1992.0,39.0,88.0,The Power of One,1
800,Pretty Woman,Pretty Woman,,9/1/1990,13006.0,1990.0,62.0,68.0,Pretty Woman,1
801,Pride and Prejudice,Pride and Prejudice,11/5/2014,,9185.0,2005.0,85.0,90.0,Pride and Prejudice,1
802,Priest,Priest,5/11/2014,,770682648.0,2011.0,16.0,46.0,Priest,1
804,"Private Life of Sherlock Holmes, The",The Private Life of Sherlock Holmes,,,11335.0,1970.0,95.0,73.0,The Private Life of Sherlock Holmes,1
807,Prom Night,Prom Night,7/1/1980,,770680887.0,2008.0,8.0,38.0,Prom Night,1
808,Prometheus,Prometheus,6/12/2014,,771228969.0,2012.0,74.0,69.0,Prometheus,1
810,"Proposal, The",The Proposal,6/9/2014,6/6/2014,770785598.0,2009.0,43.0,68.0,The Proposal,1
812,Public Enemies,Public Enemies,7/9/2014,11/7/2014,770681871.0,2009.0,68.0,59.0,Public Enemies,1
815,Purple Rain,Purple Rain,7/1/1984,,13767.0,1984.0,74.0,80.0,Purple Rain,1
817,Queen of the Damned,Queen of the Damned,,8/1/2000,13541.0,2002.0,17.0,67.0,Queen of the Damned,1
5,127 Hours,127 Hours,11/10/2014,,771028554.0,2010.0,93.0,85.0,127 Hours,1
8,17 Again,17 Again,4/9/2014,10/7/2014,770680214.0,2009.0,55.0,68.0,17 Again,1
11,2012,2012,11/9/2014,2/8/2014,770795544.0,2009.0,39.0,47.0,2012,1
13,30 Minutes or Less,30 Minutes or Less,8/11/2014,12/9/2014,771041151.0,2011.0,45.0,41.0,30 Minutes or Less,1
14,44 Inch Chest,44 Inch Chest,1/10/2014,,770807379.0,2009.0,41.0,36.0,44 Inch Chest,1
17,500 Days of Summer,500 Days of Summer,7/9/2014,,770801801.0,2009.0,87.0,84.0,500 Days of Summer,1
21,A Few Good Men,A Few Good Men,12/1/1992,7/1/1991,15948.0,1992.0,81.0,89.0,A Few Good Men,1
22,A Serious Man,A Serious Man,10/9/2014,6/7/2014,770785948.0,2009.0,89.0,67.0,A Serious Man,1
24,Above the Law,Above the Law,,4/1/1987,14038.0,1988.0,57.0,49.0,Above the Law,1
25,Absolute Power,Absolute Power,,5/1/1996,13603.0,1997.0,45.0,52.0,Absolute Power,1
28,Adaptation,Adaptation,,11/1/2000,13212.0,2002.0,91.0,85.0,Adaptation,1
29,"Addams Family, The",The Addams Family,11/1/1991,4/1/1991,12675.0,1991.0,60.0,66.0,The Addams Family,1
30,"Adjustment Bureau, The",The Adjustment Bureau,3/11/2014,,770810295.0,2011.0,72.0,67.0,The Adjustment Bureau,1
32,Affliction,Affliction,1/1/1999,6/19/1905,16085.0,1997.0,87.0,72.0,Affliction,1
35,Agnes of God,Agnes of God,,,11917.0,2002.0,46.0,56.0,Agnes of God,1
39,Aladdin,Aladdin,,6/14/1905,9941.0,2002.0,-1.0,67.0,Aladdin,1
40,Ali,Ali,12/1/2014,,14265.0,2001.0,67.0,65.0,Ali,1
48,All About Steve,All About Steve,9/9/2014,11/6/2014,770680913.0,2009.0,7.0,30.0,All About Steve,1
52,Alone in the Dark,Alone in the Dark,1/5/2014,,14064.0,2005.0,1.0,10.0,Alone in the Dark,1
54,Amelia,Amelia,10/9/2014,9/7/2014,770795561.0,2009.0,21.0,31.0,Amelia,1
55,American Beauty,American Beauty,,,12878.0,1999.0,88.0,93.0,American Beauty,1
56,American Gangster,American Gangster,11/7/2014,7/6/2014,770671119.0,2007.0,80.0,87.0,American Gangster,1
57,American Graffiti,American Graffiti,8/1/1973,,10200.0,1973.0,95.0,84.0,American Graffiti,1
58,American History X,American History X,,2/1/1997,12900.0,1998.0,82.0,96.0,American History X,1
59,American Madness,American Madness,8/1/1932,,770672871.0,1932.0,-1.0,86.0,American Madness,1
65,American Splendor,American Splendor,9/3/2014,,13417.0,2003.0,94.0,87.0,American Splendor,1
67,"American, The",The American,9/10/2014,5/9/2014,771202361.0,2010.0,66.0,38.0,The American,1
69,An Education,An Education,10/9/2014,,770802627.0,2009.0,94.0,80.0,An Education,1
70,Analyze That,Analyze That,,6/2/2014,14627.0,2002.0,27.0,40.0,Analyze That,1
71,Analyze This,Analyze This,,7/1/1998,13689.0,1999.0,69.0,62.0,Analyze This,1
72,Anastasia,Anastasia,,6/19/1905,9895.0,1997.0,86.0,77.0,Anastasia,1
73,Angel Eyes,Angel Eyes,,10/1/1999,13942.0,2001.0,33.0,46.0,Angel Eyes,1
74,Angels & Demons,Angels & Demons,5/9/2014,4/8/2014,770676132.0,2009.0,37.0,58.0,Angels & Demons,1
75,Anna Karenina,Anna Karenina,11/12/2014,,771250010.0,2012.0,63.0,51.0,Anna Karenina,1
78,Anonymous,Anonymous,10/11/2014,,771207996.0,2011.0,47.0,54.0,Anonymous,1
79,Antitrust,Antitrust,1/1/2014,,11926.0,2001.0,24.0,51.0,Antitrust,1
84,April Fool's Day,April Fool's Day,3/1/1986,,14260.0,1986.0,36.0,48.0,April Fool's Day,1
86,Arbitrage,Arbitrage,9/12/2014,4/11/2014,771266208.0,2012.0,87.0,63.0,Arbitrage,1
87,Arcade,Arcade,,11/1/1990,420285967.0,1993.0,-1.0,36.0,Arcade,1
88,Arctic Blue,Arctic Blue,,,770680216.0,1993.0,-1.0,11.0,Arctic Blue,1
89,Argo,Argo,10/12/2014,,771256128.0,2012.0,96.0,90.0,Argo,1
90,Armageddon,Armageddon,,6/20/1905,770949055.0,1997.0,-1.0,100.0,Armageddon,1
91,Army of Darkness,Army of Darkness,,1/1/1991,13043.0,1993.0,70.0,87.0,Army of Darkness,1
92,Arsenic and Old Lace,Arsenic and Old Lace,9/1/1944,,18092.0,1944.0,92.0,92.0,Arsenic and Old Lace,1
93,Arthur,Arthur,4/11/2014,10/9/2014,771190128.0,2011.0,26.0,45.0,Arthur,1
101,Autumn in New York,Autumn in New York,8/1/2000,,11409.0,2000.0,20.0,55.0,Autumn in New York,1
102,Avatar,Avatar,12/9/2014,,665118753.0,2009.0,83.0,82.0,Avatar,1
105,Awakenings,Awakenings,,10/1/1989,10603.0,1990.0,87.0,89.0,Awakenings,1
106,Babel,Babel,11/6/2014,4/5/2014,314388060.0,2006.0,69.0,77.0,Babel,1
107,Bachelor Party,Bachelor Party,6/4/2014,,13796.0,1984.0,50.0,58.0,Bachelor Party,1
111,"Back-up Plan, The",The Back-up Plan,4/10/2014,8/7/2014,770805262.0,2010.0,18.0,45.0,The Back-up Plan,1
112,Backdraft,Backdraft,,6/13/1905,13033.0,1991.0,73.0,76.0,Backdraft,1
113,Bad Boys,Bad Boys,,6/1/1994,16193.0,1995.0,43.0,79.0,Bad Boys,1
114,Bad Day at Black Rock,Bad Day at Black Rock,1/1/1955,,18702.0,1955.0,96.0,88.0,Bad Day at Black Rock,1
115,Bad Dreams,Bad Dreams,4/1/1988,,388306961.0,1988.0,13.0,43.0,Bad Dreams,1
116,Bad Lieutenant,Bad Lieutenant,11/1/1992,11/1/1990,13570.0,1992.0,77.0,74.0,Bad Lieutenant,1
117,Bad Santa,Bad Santa,,2/2/2014,16986.0,2003.0,77.0,76.0,Bad Santa,1
118,Bad Teacher,Bad Teacher,6/11/2014,6/8/2014,771030879.0,2011.0,44.0,36.0,Bad Teacher,1
119,Badlands,Badlands,,5/26/1905,11145.0,1973.0,98.0,91.0,Badlands,1
120,Bamboozled,Bamboozled,,,16735.0,2000.0,48.0,75.0,Bamboozled,1
123,Basic,Basic,,3/1/2000,13691.0,2003.0,21.0,65.0,Basic,1
125,Basquiat,Basquiat,,,13273.0,1996.0,70.0,78.0,Basquiat,1
133,"Battle of Shaker Heights, The",The Battle of Shaker Heights,8/3/2014,,12502.0,2003.0,41.0,51.0,The Battle of Shaker Heights,1
136,Bean,Bean,,,12533.0,1997.0,42.0,53.0,Bean,1
137,Beasts of the Southern Wild,Beasts of the Southern Wild,6/12/2014,,771267232.0,2012.0,86.0,76.0,Beasts of the Southern Wild,1
139,Beginners,Beginners,6/11/2014,,771208735.0,2011.0,84.0,77.0,Beginners,1
140,Being Human,Being Human,,1/1/1992,243246168.0,1994.0,50.0,44.0,Being Human,1
144,Beloved,Beloved,10/1/1998,10/1/1996,13434.0,1998.0,78.0,72.0,Beloved,1
146,"Best Exotic Marigold Hotel, The",The Best Exotic Marigold Hotel,5/12/2014,1/11/2014,771252912.0,2012.0,78.0,79.0,The Best Exotic Marigold Hotel,1
147,Big,Big,,6/10/1905,10396.0,1988.0,97.0,81.0,Big,1
149,Big Fish,Big Fish,1/4/2014,,10167.0,2004.0,77.0,90.0,Big Fish,1
151,"Big White, The",The Big White,12/5/2014,3/4/2014,243164069.0,2005.0,30.0,57.0,The Big White,1
153,Birthday Girl,Birthday Girl,,1/1/2014,14392.0,2001.0,58.0,40.0,Birthday Girl,1
154,"Black Dahlia, The",The Black Dahlia,9/6/2014,,287865097.0,2006.0,32.0,27.0,The Black Dahlia,1
156,Black Snake Moan,Black Snake Moan,3/7/2014,,484814600.0,2007.0,66.0,69.0,Black Snake Moan,1
157,Black Swan,Black Swan,12/10/2014,1/10/2014,770738135.0,2010.0,87.0,84.0,Black Swan,1
159,Blade II,Blade II,,,13362.0,2002.0,59.0,68.0,Blade II,1
163,"Blind Side, The",The Blind Side,11/9/2014,4/9/2014,770808362.0,2009.0,66.0,85.0,The Blind Side,1
164,Blood and Wine,Blood and Wine,2/1/1997,12/1/1994,364525542.0,1997.0,61.0,36.0,Blood and Wine,1
167,Blue Valentine,Blue Valentine,12/10/2014,5/9/2014,770728350.0,2010.0,87.0,77.0,Blue Valentine,1
168,Blue Velvet,Blue Velvet,,,16022.0,1986.0,92.0,89.0,Blue Velvet,1
170,"Bodies, Rest & Motion","Bodies, Rest & Motion",,6/15/1905,14530.0,1993.0,52.0,51.0,"Bodies, Rest & Motion",1
171,Body Heat,Body Heat,,,13189.0,1981.0,97.0,80.0,Body Heat,1
173,Bodyguard,Bodyguard,,2/1/1992,770860597.0,2011.0,40.0,44.0,Bodyguard,1
176,Bonnie and Clyde,Bonnie and Clyde,,,13095.0,1967.0,90.0,88.0,Bonnie and Clyde,1
177,Boogie Nights,Boogie Nights,,,14134.0,1997.0,92.0,89.0,Boogie Nights,1
178,"Book of Eli, The",The Book of Eli,1/10/2014,6/7/2014,770804147.0,2010.0,48.0,64.0,The Book of Eli,1
182,Bound,Bound,10/1/1996,,13080.0,1996.0,92.0,82.0,Bound,1
183,"Bounty Hunter, The",The Bounty Hunter,3/10/2014,9/7/2014,770856804.0,2010.0,13.0,51.0,The Bounty Hunter,1
184,"Bourne Identity, The",The Bourne Identity,6/2/2014,9/1/2000,11357.0,2002.0,83.0,93.0,The Bourne Identity,1
186,"Bourne Ultimatum, The",The Bourne Ultimatum,8/7/2014,6/7/2014,358189806.0,2007.0,94.0,91.0,The Bourne Ultimatum,1
187,"Box, The",The Box,11/9/2014,9/6/2014,770686237.0,2009.0,44.0,23.0,The Box,1
188,Braveheart,Braveheart,,6/17/1905,12866.0,1995.0,81.0,85.0,Braveheart,1
190,Break,Break,,5/22/1905,770808614.0,2009.0,-1.0,19.0,Break,1
191,Breakdown,Breakdown,,3/1/1996,13916.0,1997.0,80.0,65.0,Breakdown,1
193,Brick,Brick,4/6/2014,,126518601.0,2006.0,80.0,86.0,Brick,1
194,Bridesmaids,Bridesmaids,5/11/2014,8/9/2014,771039065.0,2011.0,90.0,76.0,Bridesmaids,1
197,Broken Arrow,Broken Arrow,2/1/1996,3/1/1995,13733.0,1996.0,53.0,45.0,Broken Arrow,1
198,Broken Embraces,Broken Embraces,10/9/2014,,770770202.0,2009.0,81.0,74.0,Broken Embraces,1
199,"Brothers Bloom, The",The Brothers Bloom,9/8/2014,,417267090.0,2008.0,66.0,64.0,The Brothers Bloom,1
200,Bruce Almighty,Bruce Almighty,,7/2/2014,10528.0,2003.0,48.0,57.0,Bruce Almighty,1
202,Bull Durham,Bull Durham,6/1/1988,,16517.0,1988.0,97.0,83.0,Bull Durham,1
203,Buried,Buried,9/10/2014,,770819772.0,2010.0,87.0,64.0,Buried,1
205,Burn After Reading,Burn After Reading,9/8/2014,,770671944.0,2008.0,78.0,64.0,Burn After Reading,1
206,Burning Annie,Burning Annie,2/7/2014,1/2/2014,770701440.0,2004.0,29.0,25.0,Burning Annie,1
207,"Butterfly Effect, The",The Butterfly Effect,1/4/2014,,12979.0,2004.0,33.0,81.0,The Butterfly Effect,1
210,Capote,Capote,2/6/2014,,8267.0,2005.0,90.0,81.0,Capote,1
211,Carrie,Carrie,11/1/1976,,771305077.0,2013.0,49.0,48.0,Carrie,1
212,Cars 2,Cars 2,6/11/2014,,770805427.0,2011.0,39.0,51.0,Cars 2,1
214,Case 39,Case 39,10/10/2014,2/6/2014,770680570.0,2010.0,22.0,40.0,Case 39,1
217,Catch Me If You Can,Catch Me If You Can,12/2/2014,,10662.0,2002.0,96.0,89.0,Catch Me If You Can,1
219,Cecil B. Demented,Cecil B. Demented,8/1/2000,6/1/1998,14425.0,2000.0,52.0,68.0,Cecil B. Demented,1
220,Cedar Rapids,Cedar Rapids,2/11/2014,6/9/2014,771193483.0,2011.0,85.0,60.0,Cedar Rapids,1
223,Cellular,Cellular,9/4/2014,7/3/2014,12750.0,2004.0,55.0,60.0,Cellular,1
224,"Change-Up, The",The Change-Up,8/11/2014,7/9/2014,771041150.0,2011.0,25.0,48.0,The Change-Up,1
225,Changeling,Changeling,10/8/2014,,770677185.0,2008.0,62.0,82.0,Changeling,1
226,Chaos,Chaos,12/5/2014,3/4/2014,292599401.0,2006.0,20.0,58.0,Chaos,1
227,Charade,Charade,12/1/1963,10/1/1962,17945.0,1963.0,92.0,93.0,Charade,1
230,Chasing Sleep,Chasing Sleep,9/1/2014,,770671969.0,2000.0,50.0,47.0,Chasing Sleep,1
231,Cherry Falls,Cherry Falls,8/1/2000,2/1/1998,130560914.0,2000.0,46.0,31.0,Cherry Falls,1
232,Chinatown,Chinatown,6/1/1974,,12883.0,1974.0,98.0,93.0,Chinatown,1
235,"Cider House Rules, The",The Cider House Rules,12/1/1999,,10411.0,1999.0,71.0,78.0,The Cider House Rules,1
236,"Cincinnati Kid, The",The Cincinnati Kid,10/1/1965,,18270.0,1965.0,85.0,79.0,The Cincinnati Kid,1
240,City of Joy,City of Joy,,10/1/1990,11533.0,1992.0,57.0,77.0,City of Joy,1
241,Clash of the Titans,Clash of the Titans,4/10/2014,5/8/2014,10212.0,1981.0,66.0,70.0,Clash of the Titans,1
243,Cliffhanger,Cliffhanger,5/1/1993,,16194.0,1993.0,69.0,51.0,Cliffhanger,1
246,Cobb,Cobb,,7/1/1993,13673.0,1994.0,67.0,61.0,Cobb,1
247,Code of Silence,Code of Silence,5/1/1985,,14591.0,1985.0,50.0,51.0,Code of Silence,1
248,Cold Mountain,Cold Mountain,12/3/2014,,12931.0,2003.0,71.0,77.0,Cold Mountain,1
250,Collateral Damage,Collateral Damage,,4/1/2000,14008.0,2002.0,18.0,27.0,Collateral Damage,1
251,Colombiana,Colombiana,8/11/2014,8/9/2014,771205891.0,2011.0,27.0,67.0,Colombiana,1
252,Color of Night,Color of Night,8/1/1994,,13567.0,1994.0,22.0,32.0,Color of Night,1
253,Commando,Commando,10/1/1985,4/1/1985,13866.0,1985.0,69.0,68.0,Commando,1
254,Conan the Barbarian,Conan the Barbarian,8/11/2014,10/9/2014,770782767.0,2011.0,24.0,30.0,Conan the Barbarian,1
255,Confessions of a Dangerous Mind,Confessions of a Dangerous Mind,,5/1/1998,13421.0,2002.0,79.0,76.0,Confessions of a Dangerous Mind,1
256,Confidence,Confidence,,3/1/2000,14362.0,2003.0,71.0,71.0,Confidence,1
257,Constantine,Constantine,2/5/2014,11/2/2014,12977.0,2005.0,46.0,73.0,Constantine,1
259,"Cooler, The",The Cooler,11/3/2014,,13608.0,2003.0,77.0,70.0,The Cooler,1
261,Coraline,Coraline,2/9/2014,,770680446.0,2009.0,90.0,72.0,Coraline,1
262,Coriolanus,Coriolanus,1/12/2014,,771204667.0,2011.0,93.0,58.0,Coriolanus,1
264,Cowboys & Aliens,Cowboys & Aliens,7/11/2014,8/9/2014,770863875.0,2011.0,44.0,44.0,Cowboys & Aliens,1
265,Cradle 2 the Grave,Cradle 2 the Grave,,5/2/2014,15988.0,2003.0,26.0,53.0,Cradle 2 the Grave,1
266,Crank,Crank,9/6/2014,2/5/2014,276994403.0,2006.0,61.0,71.0,Crank,1
269,Crazylove,Crazylove,10/5/2014,3/4/2014,760382751.0,2005.0,-1.0,55.0,Crazylove,1
270,Creation,Creation,1/10/2014,,770800781.0,2009.0,45.0,49.0,Creation,1
271,Crime Spree,Crime Spree,9/3/2014,3/1/1996,14794.0,2003.0,43.0,57.0,Crime Spree,1
272,"Crouching Tiger, Hidden Dragon","Crouching Tiger, Hidden Dragon",,,10267.0,2001.0,97.0,86.0,"Crouching Tiger, Hidden Dragon",1
273,Croupier,Croupier,4/1/2000,,17214.0,1998.0,98.0,80.0,Croupier,1
280,"Curious Case of Benjamin Button, The",The Curious Case of Benjamin Button,12/8/2014,10/7/2014,770669386.0,2008.0,73.0,80.0,The Curious Case of Benjamin Button,1
281,Custody,Custody,,,770800386.0,2007.0,-1.0,48.0,Custody,1
282,"Damned United, The",The Damned United,10/9/2014,,770802240.0,2009.0,94.0,85.0,The Damned United,1
285,"Dark Knight Rises, The",The Dark Knight Rises,7/12/2014,,771041731.0,2012.0,88.0,90.0,The Dark Knight Rises,1
288,Darkman,Darkman,8/1/1990,2/1/1989,16857.0,1990.0,80.0,58.0,Darkman,1
289,Date Night,Date Night,4/10/2014,6/8/2014,770808107.0,2010.0,67.0,55.0,Date Night,1
290,Dave Barry's Complete Guide to Guys,Dave Barry's Complete Guide to Guys,5/6/2014,2/4/2014,770678588.0,2005.0,-1.0,22.0,Dave Barry's Complete Guide to Guys,1
291,Dawn of the Dead,Dawn of the Dead,,5/30/1905,17051.0,2004.0,75.0,77.0,Dawn of the Dead,1
292,Day of the Dead,Day of the Dead,,6/7/1905,17930.0,1985.0,82.0,75.0,Day of the Dead,1
295,Days of Heaven,Days of Heaven,,6/1/1976,10859.0,1978.0,93.0,89.0,Days of Heaven,1
297,Death at a Funeral,Death at a Funeral,4/10/2014,2/9/2014,770669823.0,2007.0,61.0,79.0,Death at a Funeral,1
298,Death to Smoochy,Death to Smoochy,,3/1/1997,13722.0,2002.0,42.0,67.0,Death to Smoochy,1
299,"Debt, The",The Debt,8/11/2014,,770815579.0,2011.0,77.0,66.0,The Debt,1
300,Deception,Deception,4/8/2014,9/5/2014,770680663.0,2008.0,14.0,31.0,Deception,1
301,Deep Cover,Deep Cover,4/1/1992,,14730.0,1992.0,85.0,77.0,Deep Cover,1
304,Defiance,Defiance,1/9/2014,,770682436.0,2008.0,57.0,73.0,Defiance,1
305,"Departed, The",The Departed,10/6/2014,,314387087.0,2006.0,92.0,94.0,The Departed,1
306,"Descendants, The",The Descendants,12/11/2014,,771236985.0,2011.0,89.0,79.0,The Descendants,1
307,Despicable Me 2,Despicable Me 2,7/13/2014,,771245727.0,2013.0,75.0,85.0,Despicable Me 2,1
308,Detroit Rock City,Detroit Rock City,8/1/1999,,13740.0,1999.0,47.0,83.0,Detroit Rock City,1
309,Devil in a Blue Dress,Devil in a Blue Dress,9/1/1995,3/1/1994,13753.0,1995.0,87.0,69.0,Devil in a Blue Dress,1
312,Die Hard 2,Die Hard 2,7/1/1990,11/1/1989,16789.0,1990.0,66.0,70.0,Die Hard 2,1
313,Diner,Diner,3/1/1982,,13575.0,1982.0,96.0,78.0,Diner,1
314,"Distinguished Gentleman, The",The Distinguished Gentleman,,12/1/2000,13928.0,1992.0,13.0,37.0,The Distinguished Gentleman,1
315,Disturbia,Disturbia,4/7/2014,3/6/2014,554237964.0,2007.0,68.0,78.0,Disturbia,1
316,Django Unchained,Django Unchained,12/12/2014,,771245718.0,2012.0,88.0,92.0,Django Unchained,1
319,Dogma,Dogma,,6/21/1905,13107.0,1999.0,67.0,86.0,Dogma,1
320,Donnie Brasco,Donnie Brasco,,7/1/1992,16820.0,1997.0,87.0,89.0,Donnie Brasco,1
323,Double Indemnity,Double Indemnity,9/1/1944,,17019.0,1944.0,96.0,95.0,Double Indemnity,1
324,Drag Me to Hell,Drag Me to Hell,5/9/2014,9/7/2014,770785298.0,2009.0,92.0,62.0,Drag Me to Hell,1
325,Dragonslayer,Dragonslayer,,6/3/1905,10449.0,1981.0,85.0,62.0,Dragonslayer,1
326,Drive,Drive,9/11/2014,9/10/2014,771224338.0,2011.0,93.0,78.0,Drive,1
327,Drive Angry,Drive Angry,2/11/2014,3/9/2014,770858012.0,2011.0,45.0,37.0,Drive Angry,1
331,Dumb and Dumber,Dumb and Dumber,,11/1/1993,10194.0,1997.0,64.0,84.0,Dumb and Dumber,1
332,Dune,Dune,,12/1/1983,10851.0,1984.0,55.0,68.0,Dune,1
334,Eagle Eye,Eagle Eye,9/8/2014,3/7/2014,770675744.0,2008.0,26.0,62.0,Eagle Eye,1
335,Eastern Promises,Eastern Promises,9/7/2014,,770671901.0,2007.0,89.0,83.0,Eastern Promises,1
336,Easy A,Easy A,9/10/2014,8/8/2014,770813310.0,2010.0,85.0,77.0,Easy A,1
339,Edward Scissorhands,Edward Scissorhands,,9/1/1990,10019.0,1990.0,91.0,91.0,Edward Scissorhands,1
340,Eight Legged Freaks,Eight Legged Freaks,,7/1/2000,12821.0,2002.0,48.0,32.0,Eight Legged Freaks,1
343,"Elephant Man, The",The Elephant Man,10/1/1980,,10377.0,1980.0,91.0,93.0,The Elephant Man,1
347,Enough,Enough,5/2/2014,,10813.0,2002.0,22.0,68.0,Enough,1
355,Even Cowgirls Get the Blues,Even Cowgirls Get the Blues,5/1/1994,,14680.0,1994.0,22.0,28.0,Even Cowgirls Get the Blues,1
356,Event Horizon,Event Horizon,8/1/1997,,13353.0,1997.0,24.0,63.0,Event Horizon,1
359,Excalibur,Excalibur,4/1/1981,,13073.0,1981.0,82.0,81.0,Excalibur,1
361,eXistenZ,eXistenZ,4/1/1999,10/1/1996,13224.0,1999.0,71.0,70.0,eXistenZ,1
362,Extract,Extract,9/9/2014,3/8/2014,770791072.0,2009.0,63.0,38.0,Extract,1
366,Fair Game,Fair Game,11/10/2014,,770809925.0,2010.0,79.0,66.0,Fair Game,1
372,Fatal Instinct,Fatal Instinct,,6/15/1905,12162.0,1993.0,19.0,42.0,Fatal Instinct,1
374,Feast,Feast,9/6/2014,5/4/2014,287865377.0,2006.0,56.0,60.0,Feast,1
376,Field of Dreams,Field of Dreams,4/1/1989,3/1/1988,11618.0,1989.0,87.0,87.0,Field of Dreams,1
381,Final Destination 2,Final Destination 2,,,13166.0,2003.0,47.0,59.0,Final Destination 2,1
382,Finding Nemo,Finding Nemo,5/3/2014,5/3/2014,9377.0,2003.0,99.0,86.0,Finding Nemo,1
384,Flash Gordon,Flash Gordon,12/1/1980,3/1/1979,10762.0,1980.0,81.0,70.0,Flash Gordon,1
385,Fletch,Fletch,,5/1/1986,10276.0,1985.0,75.0,83.0,Fletch,1
386,Flight,Flight,11/12/2014,12/11/2014,771307095.0,2012.0,78.0,75.0,Flight,1
387,"Flintstones, The",The Flintstones,,9/1/1987,12326.0,1994.0,22.0,24.0,The Flintstones,1
390,Four Rooms,Four Rooms,12/1/1995,,13075.0,1995.0,14.0,71.0,Four Rooms,1
391,Fracture,Fracture,4/7/2014,1/5/2014,632318478.0,2007.0,72.0,73.0,Fracture,1
392,Frances,Frances,12/1/1982,,16757.0,1982.0,93.0,78.0,Frances,1
393,Frankenstein,Frankenstein,11/1/1994,2/1/1993,771351525.0,2015.0,-1.0,99.0,Frankenstein,1
394,Freaked,Freaked,10/1/1993,1/1/1992,280158885.0,1993.0,47.0,64.0,Freaked,1
400,Fright Night,Fright Night,8/11/2014,,771028776.0,2011.0,72.0,59.0,Fright Night,1
403,From Here to Eternity,From Here to Eternity,9/1/1953,8/1/1952,18520.0,1953.0,89.0,85.0,From Here to Eternity,1
404,Frozen,Frozen,2/10/2014,1/9/2014,770856799.0,2010.0,62.0,46.0,Frozen,1
405,Frozen River,Frozen River,8/8/2014,,770682503.0,2008.0,87.0,74.0,Frozen River,1
408,Funny People,Funny People,7/9/2014,4/8/2014,770752737.0,2009.0,68.0,48.0,Funny People,1
409,G.I. Jane,G.I. Jane,,8/1/1995,13393.0,1997.0,55.0,54.0,G.I. Jane,1
411,Game 6,Game 6,6/5/2014,5/4/2014,49249001.0,2005.0,60.0,38.0,Game 6,1
413,Gamer,Gamer,9/9/2014,9/7/2014,770681197.0,2009.0,29.0,39.0,Gamer,1
414,Gandhi,Gandhi,12/1/1982,,10197.0,1982.0,87.0,93.0,Gandhi,1
415,Gang Related,Gang Related,10/1/1997,,14650.0,1997.0,56.0,67.0,Gang Related,1
416,Gangs of New York,Gangs of New York,,2/2/2014,13106.0,2002.0,75.0,81.0,Gangs of New York,1
418,Get Carter,Get Carter,3/1/1971,,15255.0,2000.0,12.0,28.0,Get Carter,1
419,Get Low,Get Low,7/10/2014,,770808815.0,2010.0,84.0,75.0,Get Low,1
421,"Getaway, The",The Getaway,,2/1/1972,10989.0,1972.0,85.0,82.0,The Getaway,1
422,Ghost,Ghost,,9/1/1990,10185.0,1990.0,74.0,81.0,Ghost,1
424,Ghost Rider,Ghost Rider,2/7/2014,4/1/2014,364555500.0,2007.0,26.0,48.0,Ghost Rider,1
427,Ghostbusters,Ghostbusters,,5/1/1988,12000.0,1984.0,96.0,87.0,Ghostbusters,1
428,Ghostbusters 2,Ghostbusters 2,,2/1/1989,11227.0,1989.0,51.0,61.0,Ghostbusters 2,1
429,Ginger Snaps,Ginger Snaps,5/1/2014,7/1/1996,16854.0,2000.0,89.0,78.0,Ginger Snaps,1
430,"Girl with the Dragon Tattoo, The",The Girl with the Dragon Tattoo,12/11/2014,,771202144.0,2011.0,86.0,86.0,The Girl with the Dragon Tattoo,1
431,Gladiator,Gladiator,,10/1/1998,13065.0,2000.0,76.0,87.0,Gladiator,1
440,"Good Girl, The",The Good Girl,8/2/2014,,13289.0,2002.0,81.0,59.0,The Good Girl,1
443,Gothika,Gothika,11/3/2014,12/2/2014,14382.0,2003.0,15.0,46.0,Gothika,1
445,Gran Torino,Gran Torino,1/9/2014,,770785728.0,2008.0,79.0,90.0,Gran Torino,1
446,Grand Hotel,Grand Hotel,4/1/1932,,19274.0,1932.0,87.0,78.0,Grand Hotel,1
447,Grand Theft Parsons,Grand Theft Parsons,6/4/2014,6/3/2014,11810.0,2003.0,44.0,52.0,Grand Theft Parsons,1
449,"Green Mile, The",The Green Mile,,11/1/1997,12939.0,1999.0,80.0,94.0,The Green Mile,1
450,Gremlins,Gremlins,6/1/1984,4/1/1982,12357.0,1984.0,84.0,77.0,Gremlins,1
454,Groundhog Day,Groundhog Day,2/1/1993,1/1/1992,11770.0,1993.0,97.0,87.0,Groundhog Day,1
456,Hackers,Hackers,9/1/1995,,10572.0,1995.0,34.0,69.0,Hackers,1
457,Hall Pass,Hall Pass,2/11/2014,9/9/2014,771041144.0,2011.0,34.0,41.0,Hall Pass,1
459,Hancock,Hancock,7/8/2014,,770679092.0,2008.0,41.0,60.0,Hancock,1
460,"Hangover, The",The Hangover,6/9/2014,9/7/2014,770801897.0,2009.0,79.0,84.0,The Hangover,1
461,Hanna,Hanna,4/11/2014,,771091481.0,2011.0,72.0,66.0,Hanna,1
465,Happy Feet,Happy Feet,11/6/2014,,345732304.0,2006.0,75.0,70.0,Happy Feet,1
466,Hard Rain,Hard Rain,1/1/1998,,14947.0,1998.0,25.0,34.0,Hard Rain,1
467,Hard to Kill,Hard to Kill,,2/1/1990,13983.0,1990.0,33.0,47.0,Hard to Kill,1
476,He's Just Not That Into You,He's Just Not That Into You,2/9/2014,7/7/2014,770679229.0,2009.0,41.0,60.0,He's Just Not That Into You,1
477,Heat,Heat,,3/1/1994,13098.0,1995.0,86.0,94.0,Heat,1
479,Heavenly Creatures,Heavenly Creatures,,6/16/1905,22544.0,1994.0,94.0,84.0,Heavenly Creatures,1
481,"Hebrew Hammer, The",The Hebrew Hammer,1/3/2014,,17144.0,2002.0,52.0,64.0,The Hebrew Hammer,1
482,Heist,Heist,,3/1/1999,14390.0,2001.0,65.0,61.0,Heist,1
491,Henry Fool,Henry Fool,6/1/1998,,14783.0,1998.0,89.0,82.0,Henry Fool,1
492,Henry's Crime,Henry's Crime,4/11/2014,,771195234.0,2010.0,40.0,24.0,Henry's Crime,1
493,Hesher,Hesher,5/11/2014,7/8/2014,770814817.0,2011.0,54.0,61.0,Hesher,1
494,High Fidelity,High Fidelity,,9/1/1998,12937.0,2000.0,92.0,90.0,High Fidelity,1
495,Highlander,Highlander,,6/8/1905,15929.0,1986.0,67.0,80.0,Highlander,1
498,His Girl Friday,His Girl Friday,1/1/1940,,19344.0,1940.0,97.0,91.0,His Girl Friday,1
499,Hitchcock,Hitchcock,12/12/2014,,771316384.0,2012.0,62.0,61.0,Hitchcock,1
500,"Hitchhiker's Guide to the Galaxy, The",The Hitchhiker's Guide to the Galaxy,4/5/2014,8/3/2014,17.0,2005.0,60.0,65.0,The Hitchhiker's Guide to the Galaxy,1
501,Hollow Man,Hollow Man,,6/1/1998,14339.0,2000.0,27.0,27.0,Hollow Man,1
502,Honeydripper,Honeydripper,12/7/2014,6/6/2014,770675536.0,2007.0,67.0,57.0,Honeydripper,1
503,Horrible Bosses,Horrible Bosses,7/11/2014,4/10/2014,771041149.0,2011.0,69.0,70.0,Horrible Bosses,1
505,"Hospital, The",The Hospital,12/1/1971,,11661.0,1971.0,100.0,73.0,The Hospital,1
506,Hostage,Hostage,3/5/2014,3/2/2014,15283.0,2005.0,35.0,63.0,Hostage,1
507,Hot Tub Time Machine,Hot Tub Time Machine,3/10/2014,,770813651.0,2010.0,63.0,56.0,Hot Tub Time Machine,1
508,Hotel Rwanda,Hotel Rwanda,2/5/2014,,12856.0,2004.0,90.0,94.0,Hotel Rwanda,1
509,House of 1000 Corpses,House of 1000 Corpses,,3/1/2000,12901.0,2002.0,18.0,66.0,House of 1000 Corpses,1
510,How to Lose Friends & Alienate People,How to Lose Friends & Alienate People,10/8/2014,9/7/2014,770679404.0,2008.0,36.0,43.0,How to Lose Friends & Alienate People,1
514,Human Nature,Human Nature,,1/1/2014,14426.0,2002.0,49.0,62.0,Human Nature,1
515,I Am Number Four,I Am Number Four,2/11/2014,1/10/2014,770874975.0,2011.0,33.0,58.0,I Am Number Four,1
517,I Love You Phillip Morris,I Love You Phillip Morris,1/10/2014,4/8/2014,770782173.0,2009.0,72.0,61.0,I Love You Phillip Morris,1
518,I Still Know What You Did Last Summer,I Still Know What You Did Last Summer,11/1/1998,,14749.0,1998.0,7.0,29.0,I Still Know What You Did Last Summer,1
519,I'll Do Anything,I'll Do Anything,2/1/1994,,12349.0,1994.0,61.0,47.0,I'll Do Anything,1
520,"I, Robot","I, Robot",7/4/2014,,10040.0,2004.0,58.0,70.0,"I, Robot",1
522,"Ides of March, The",The Ides of March,10/11/2014,,771234469.0,2011.0,85.0,73.0,The Ides of March,1
523,"Imaginarium of Doctor Parnassus, The",The Imaginarium of Doctor Parnassus,9/9/2014,5/7/2014,770683433.0,2009.0,64.0,60.0,The Imaginarium of Doctor Parnassus,1
524,In the Bedroom,In the Bedroom,1/2/2014,,13633.0,2001.0,93.0,81.0,In the Bedroom,1
525,In the Loop,In the Loop,7/9/2014,,770783979.0,2008.0,94.0,81.0,In the Loop,1
528,Indiana Jones and the Last Crusade,Indiana Jones and the Last Crusade,,6/11/1905,23531.0,1989.0,88.0,94.0,Indiana Jones and the Last Crusade,1
530,Indiana Jones and the Temple of Doom,Indiana Jones and the Temple of Doom,,6/6/1905,23530.0,1984.0,84.0,81.0,Indiana Jones and the Temple of Doom,1
533,Inglourious Basterds,Inglourious Basterds,8/9/2014,7/8/2014,770671947.0,2009.0,89.0,87.0,Inglourious Basterds,1
536,Insidious,Insidious,4/11/2014,,771205539.0,2011.0,66.0,61.0,Insidious,1
537,Insomnia,Insomnia,5/2/2014,2/1/2000,14923.0,2002.0,92.0,76.0,Insomnia,1
539,Into the Wild,Into the Wild,9/7/2014,,770671490.0,2007.0,82.0,89.0,Into the Wild,1
540,Intolerable Cruelty,Intolerable Cruelty,,3/1/1997,11037.0,2003.0,75.0,48.0,Intolerable Cruelty,1
541,Inventing the Abbotts,Inventing the Abbotts,,3/1/1996,13617.0,1997.0,31.0,53.0,Inventing the Abbotts,1
542,"Invention of Lying, The",The Invention of Lying,10/9/2014,6/7/2014,770717076.0,2009.0,57.0,39.0,The Invention of Lying,1
543,Invictus,Invictus,12/9/2014,5/7/2014,770810965.0,2009.0,76.0,75.0,Invictus,1
544,"Iron Lady, The",The Iron Lady,1/12/2014,,771241349.0,2011.0,51.0,51.0,The Iron Lady,1
546,It Happened One Night,It Happened One Night,2/1/1934,,18256.0,1934.0,98.0,94.0,It Happened One Night,1
549,It's Complicated,It's Complicated,12/9/2014,,770814954.0,2009.0,56.0,60.0,It's Complicated,1
550,"Italian Job, The",The Italian Job,,12/1/2014,10189.0,2003.0,73.0,80.0,The Italian Job,1
551,"Jacket, The",The Jacket,3/5/2014,4/3/2014,13085.0,2005.0,44.0,74.0,The Jacket,1
555,Jane Eyre,Jane Eyre,3/11/2014,3/8/2014,771090722.0,2011.0,84.0,76.0,Jane Eyre,1
557,Jaws,Jaws,,5/28/1905,10288.0,1975.0,98.0,90.0,Jaws,1
558,Jaws 2,Jaws 2,,5/31/1905,10597.0,1978.0,53.0,38.0,Jaws 2,1
559,Jay and Silent Bob Strike Back,Jay and Silent Bob Strike Back,,1/1/2014,13081.0,2001.0,54.0,75.0,Jay and Silent Bob Strike Back,1
561,Jennifer's Body,Jennifer's Body,9/9/2014,9/7/2014,770783548.0,2009.0,42.0,34.0,Jennifer's Body,1
563,JFK,JFK,,6/13/1905,14984.0,1992.0,84.0,89.0,JFK,1
564,Jimmy and Judy,Jimmy and Judy,,8/4/2014,326392923.0,2005.0,43.0,67.0,Jimmy and Judy,1
566,Judge Dredd,Judge Dredd,6/1/1995,3/1/1994,13602.0,1995.0,18.0,30.0,Judge Dredd,1
567,Juno,Juno,12/7/2014,2/7/2014,770675878.0,2007.0,94.0,88.0,Juno,1
572,Kalifornia,Kalifornia,,,16615.0,1993.0,67.0,65.0,Kalifornia,1
573,Kate & Leopold,Kate & Leopold,,12/1/2014,10350.0,2001.0,50.0,63.0,Kate & Leopold,1
574,Kids,Kids,7/1/1995,,16795.0,1995.0,49.0,77.0,Kids,1
575,"Kids Are All Right, The",The Kids Are All Right,7/10/2014,8/9/2014,770819676.0,2010.0,93.0,73.0,The Kids Are All Right,1
577,Killing Zoe,Killing Zoe,,,16732.0,1994.0,33.0,65.0,Killing Zoe,1
578,King Kong,King Kong,12/5/2014,,24220.0,2005.0,84.0,49.0,King Kong,1
579,"King of Comedy, The",The King of Comedy,,12/1/1976,10861.0,1983.0,93.0,89.0,The King of Comedy,1
580,"King's Speech, The",The King's Speech,12/10/2014,,770816664.0,2010.0,94.0,92.0,The King's Speech,1
586,Kung Fu Panda,Kung Fu Panda,6/8/2014,,770672401.0,2008.0,87.0,82.0,Kung Fu Panda,1
588,Labor of Love,Labor of Love,,,770933185.0,1999.0,-1.0,0.0,Labor of Love,1
589,Labyrinth,Labyrinth,,6/8/1905,10057.0,1986.0,66.0,86.0,Labyrinth,1
590,"Ladykillers, The",The Ladykillers,3/4/2014,,14905.0,2004.0,55.0,43.0,The Ladykillers,1
591,Lake Placid,Lake Placid,7/1/1999,5/1/1998,16700.0,1999.0,39.0,36.0,Lake Placid,1
592,Land of the Dead,Land of the Dead,6/5/2014,8/4/2014,1785.0,2005.0,74.0,52.0,Land of the Dead,1
593,Larry Crowne,Larry Crowne,7/11/2014,11/9/2014,771199080.0,2011.0,35.0,41.0,Larry Crowne,1
594,"Last Boy Scout, The",The Last Boy Scout,,,13469.0,1991.0,44.0,69.0,The Last Boy Scout,1
595,Last Chance Harvey,Last Chance Harvey,1/9/2014,,770784001.0,2008.0,70.0,53.0,Last Chance Harvey,1
597,"Last of the Mohicans, The",The Last of the Mohicans,9/1/1992,,14752.0,1992.0,94.0,88.0,The Last of the Mohicans,1
598,"Last Samurai, The",The Last Samurai,,,133039558.0,2003.0,65.0,83.0,The Last Samurai,1
599,"Last Station, The",The Last Station,12/9/2014,,770783613.0,2009.0,70.0,67.0,The Last Station,1
600,Last Tango in Paris,Last Tango in Paris,2/1/1973,,157435123.0,1972.0,81.0,76.0,Last Tango in Paris,1
601,Law Abiding Citizen,Law Abiding Citizen,10/9/2014,9/8/2014,770804709.0,2009.0,25.0,75.0,Law Abiding Citizen,1
603,Legally Blonde,Legally Blonde,,7/1/2000,10298.0,2001.0,68.0,72.0,Legally Blonde,1
605,Legion,Legion,1/10/2014,10/7/2014,770784236.0,2010.0,20.0,31.0,Legion,1
606,Les Miserables,Les Miserables,12/12/2014,5/12/2014,771253949.0,2012.0,70.0,79.0,Les Miserables,1
610,Liar Liar,Liar Liar,3/1/1997,4/1/1996,12169.0,1997.0,81.0,75.0,Liar Liar,1
611,Life,Life,4/1/1999,,13169.0,1999.0,50.0,78.0,Life,1
613,"Life of David Gale, The",The Life of David Gale,2/3/2014,3/1/1998,13604.0,2003.0,19.0,82.0,The Life of David Gale,1
614,Life of Pi,Life of Pi,11/12/2014,,770673482.0,2012.0,87.0,85.0,Life of Pi,1
615,Light Sleeper,Light Sleeper,8/1/1992,,16237.0,1992.0,90.0,64.0,Light Sleeper,1
617,Limitless,Limitless,3/11/2014,12/9/2014,771036677.0,2011.0,70.0,73.0,Limitless,1
618,Lincoln,Lincoln,11/12/2014,12/11/2014,770682079.0,2012.0,90.0,81.0,Lincoln,1
619,"Lincoln Lawyer, The",The Lincoln Lawyer,3/11/2014,7/6/2014,771021934.0,2011.0,83.0,82.0,The Lincoln Lawyer,1
621,Little Athens,Little Athens,11/6/2014,3/4/2014,309887147.0,2005.0,40.0,31.0,Little Athens,1
624,Living in Oblivion,Living in Oblivion,6/1/1995,,13774.0,1995.0,87.0,87.0,Living in Oblivion,1
625,"Lock, Stock and Two Smoking Barrels","Lock, Stock and Two Smoking Barrels",,6/20/1905,15261.0,1999.0,76.0,93.0,"Lock, Stock and Two Smoking Barrels",1
628,"Long Kiss Goodnight, The",The Long Kiss Goodnight,,6/18/1905,13322.0,1996.0,67.0,71.0,The Long Kiss Goodnight,1
629,Looper,Looper,9/12/2014,,771186945.0,2012.0,93.0,82.0,Looper,1
634,Lord of War,Lord of War,9/5/2014,,7583.0,2005.0,61.0,85.0,Lord of War,1
635,"Losers, The",The Losers,4/10/2014,2/7/2014,770818088.0,2010.0,49.0,54.0,The Losers,1
636,Lost Highway,Lost Highway,,6/1/1995,16879.0,1997.0,59.0,88.0,Lost Highway,1
637,Lost Horizon,Lost Horizon,9/1/1937,3/1/1936,17127.0,1937.0,100.0,82.0,Lost Horizon,1
638,Lost in Space,Lost in Space,,6/20/1905,10920.0,1998.0,29.0,24.0,Lost in Space,1
641,Machete,Machete,9/10/2014,,770672158.0,2010.0,72.0,64.0,Machete,1
642,Machine Gun Preacher,Machine Gun Preacher,9/11/2014,9/10/2014,771237853.0,2011.0,29.0,63.0,Machine Gun Preacher,1
647,Major League,Major League,,6/11/1905,13022.0,1989.0,81.0,85.0,Major League,1
648,Malcolm X,Malcolm X,,6/13/1905,10624.0,1992.0,91.0,92.0,Malcolm X,1
649,Malibu's Most Wanted,Malibu's Most Wanted,,7/2/2014,11677.0,2003.0,30.0,54.0,Malibu's Most Wanted,1
652,Man on the Moon,Man on the Moon,,6/21/1905,13765.0,1999.0,63.0,79.0,Man on the Moon,1
653,Man Trouble,Man Trouble,,4/1/1991,12534.0,1992.0,17.0,15.0,Man Trouble,1
654,"Man Who Knew Too Much, The",The Man Who Knew Too Much,,5/1/1955,10334.0,1956.0,89.0,81.0,The Man Who Knew Too Much,1
656,"Manchurian Candidate, The",The Manchurian Candidate,7/4/2014,8/3/2014,14500.0,2004.0,81.0,63.0,The Manchurian Candidate,1
658,Margaret,Margaret,9/11/2014,11/5/2014,771164930.0,2011.0,72.0,48.0,Margaret,1
659,Margin Call,Margin Call,10/11/2014,7/10/2014,771225052.0,2011.0,88.0,74.0,Margin Call,1
660,Margot at the Wedding,Margot at the Wedding,11/7/2014,,770673924.0,2007.0,52.0,40.0,Margot at the Wedding,1
661,"Mariachi, El",El Mariachi,,,13961.0,1993.0,93.0,76.0,El Mariachi,1
663,Martha Marcy May Marlene,Martha Marcy May Marlene,10/11/2014,,771224182.0,2011.0,90.0,71.0,Martha Marcy May Marlene,1
664,Marty,Marty,7/1/1955,,17218.0,1955.0,100.0,88.0,Marty,1
842,Rise of the Planet of the Apes,Rise Of The Planet Of The Apes 3,8/11/2014,1/10/2014,771041147.0,2016.0,-1.0,96.0,Rise of the Planet of the Apes,0
847,"Rock, The",Pirate Radio (The Boat That Rocked),,10/1/1995,12970.0,2009.0,60.0,71.0,The Rock,0
851,Romeo & Juliet,Romeo,11/1/1996,10/1/1995,12035.0,2012.0,-1.0,100.0,Romeo & Juliet,0
860,Rust and Bone,De rouille et d'os (Rust and Bone),12/12/2014,8/11/2014,771303199.0,2012.0,82.0,79.0,Rust and Bone,0
864,"Sandlot Kids, The",,4/1/1993,6/1/1992,,,,,The Sandlot Kids,0
867,Saw,Saw II,10/4/2014,,16980.0,2005.0,36.0,59.0,Saw,0
881,"Sessions, The",,11/12/2014,,771255623.0,,,,The Sessions,0
898,Shrek,Shrek 2,5/1/2014,,10166.0,2004.0,89.0,69.0,Shrek,0
901,"Siege, The",Die Sieger (The Invincibles),11/1/1998,,16451.0,1994.0,-1.0,0.0,The Siege,0
943,Star Wars  Attack of the Clones,Star Wars: Episode II - Attack of the Clones 3D,,2/2/2014,10009.0,2002.0,67.0,60.0,Star Wars  Attack of the Clones,0
958,"Stuntman, The","Ultimate Stuntman, The - A Tribute to Dar Robinson",6/1/1980,,770890582.0,1990.0,-1.0,0.0,The Stuntman,0
978,"Taking of Pelham One Two Three, The",The Taking of Pelham 1 2 3,10/1/1974,4/1/1973,770674198.0,2009.0,50.0,52.0,The Taking of Pelham One Two Three,0
985,Terminator,Terminator Salvation,,4/1/1983,16340.0,2009.0,33.0,55.0,Terminator,0
986,Terminator 2  Judgement Day,,,6/13/1905,770910519.0,,,,Terminator 2  Judgement Day,0
992,"Thing, The",Where the Wild Things Are,,3/1/1981,13831.0,2009.0,73.0,57.0,The Thing,0
993,"Things My Father Never Taught Me, The",,4/12/2014,,,,,,The Things My Father Never Taught Me,0
1001,"Three Musketeers, The","Three Musketeers, The - All for One and One for All",,1/1/1993,10404.0,1977.0,-1.0,100.0,The Three Musketeers,0
1021,Transformers  The Movie,Transformers: Revenge of the Fallen,,,10553.0,2009.0,20.0,58.0,Transformers  The Movie,0
1034,Twin Peaks,Twin Peaks - Fire Walk with Me,,6/14/1905,13272.0,1992.0,60.0,79.0,Twin Peaks,0
1068,"Way Back, The",Ain't No Way Back (The Ghost of Fletcher Ridge),1/11/2014,1/9/2014,770805055.0,1989.0,-1.0,33.0,The Way Back,0
1078,"White Ribbon, The",The White Ribbon (Das weisse Band),12/9/2014,,770808692.0,2009.0,85.0,78.0,The White Ribbon,0
674,"Mechanic, The",Body Mechanics - The Movie + DVD Game,1/11/2014,7/9/2014,771022182.0,2007.0,-1.0,0.0,The Mechanic,0
679,Men in Black,Men in Black III,,6/19/1905,12656.0,2012.0,70.0,71.0,Men in Black,0
715,"Mummy, The",The Mummy: Tomb of the Dragon Emperor,,6/21/1905,10585.0,2008.0,13.0,30.0,The Mummy,0
733,Night Time (The Poltergeist Treatment),Night Time in Nevada,6/1/1982,3/1/1980,770708707.0,1948.0,-1.0,0.0,Night Time (The Poltergeist Treatment),0
769,"Passion of Joan of Arc, The",The Passion of Joan of Arc (La Passion de Jeanne d'Arc),3/29/2014,,18673.0,1928.0,97.0,94.0,The Passion of Joan of Arc,0
787,Pirates of the Caribbean,Pirates of the Caribbean: The Curse of the Black Pearl,,,10020.0,2003.0,79.0,86.0,Pirates of the Caribbean,0
806,"Program, The",Programming The Nation?,9/1/1993,11/1/1992,75470827.0,2011.0,38.0,77.0,The Program,0
809,"Prophecy, The",Prophecy: The Next 1000 Years,9/1/1995,,13074.0,2004.0,-1.0,0.0,The Prophecy,0
818,"Queen, The",,9/6/2014,,319163349.0,,,,The Queen,0
33,After School Special,National Lampoon's Barely Legal (After School Special),,1/1/2000,8847.0,2003.0,-1.0,27.0,After School Special,0
42,Alien 3,Unseen Evil 2 (Alien 3000),,1/1/1991,770672851.0,2004.0,-1.0,16.0,Alien 3,0
44,Alien vs. Predator,Aliens vs. Predator: Requiem (AVP 2),,,10111.0,2007.0,12.0,31.0,Alien vs. Predator,0
68,Amour,Love Is In The Air,12/12/2014,,771307454.0,2013.0,75.0,46.0,Amour,0
94,"Artist, The",The Breakup Artist,1/12/2014,,771241143.0,2004.0,-1.0,14.0,The Artist,0
97,"Assignment, The",On Assignment - The Video Guide to Basic 35mm Photography,9/1/1997,7/1/1996,14942.0,1990.0,-1.0,0.0,The Assignment,0
104,"Avventura, L' (The Adventure)",Las Adventuras Locas De Popeye,,,770998261.0,2007.0,-1.0,0.0,"Avventura, L' (The Adventure)",0
108,"Bachelor Party, The",Bachelor Party 2: The Last Temptation,4/1/1957,,770675820.0,2008.0,-1.0,34.0,The Bachelor Party,0
143,"Believer, The",Daydream Believers: The Monkees Story,5/2/2014,,15736.0,2000.0,-1.0,50.0,The Believer,0
180,"Boondock Saints, The",The Boondock Saints II: All Saints Day,1/1/2000,8/1/1997,12869.0,2009.0,23.0,58.0,The Boondock Saints,0
221,Celeste & Jesse Forever,Celeste,8/12/2014,5/11/2014,771266291.0,1981.0,-1.0,33.0,Celeste & Jesse Forever,0
228,Charlie's Angels,Charlie's Angels - Full Throttle,,8/1/1999,11062.0,2003.0,44.0,41.0,Charlie's Angels,0
233,Chronicle,"The Chronicles of Narnia: The Lion, The Witch and The Wardrobe",2/12/2014,,771239389.0,2005.0,76.0,61.0,Chronicle,0
267,Crash,Wedding Crashers,,6/18/1905,12.0,2005.0,75.0,70.0,Crash,0
311,Die Hard,Live Free or Die Hard,,,16351.0,2007.0,81.0,86.0,Die Hard,0
322,"Doors, The",Doors - The Doors Are Open,3/1/1991,,16699.0,1968.0,-1.0,86.0,The Doors,0
368,Fantastic Four,Fantastic Four: Rise of the Silver Surfer,7/5/2014,,1790.0,2007.0,37.0,52.0,Fantastic Four,0
377,"Fifth Element, The",Graffiti Verite 8: The Fifth Element - The Art of the BeatBoxer,,8/1/1995,10557.0,2010.0,-1.0,0.0,The Fifth Element,0
379,"Fighter, The",Street Fighter: The Legend of Chun-Li,12/10/2014,,770671941.0,2009.0,18.0,17.0,The Fighter,0
401,Fright Night (1985),Fright Night,8/1/1985,9/1/1984,13314.0,2011.0,72.0,59.0,Fright Night (1985),0
433,Go,Harry Potter and the Goblet of Fire,,4/1/1997,321827084.0,2005.0,88.0,73.0,Go,0
455,"Grudge, The",The Grudge 2,10/4/2014,1/4/2014,17083.0,2006.0,10.0,41.0,The Grudge,0
484,Hellboy,Hellboy II: The Golden Army (Hellboy 2),4/4/2014,6/3/2014,10494.0,2008.0,87.0,70.0,Hellboy,0
490,"Help, The",The Wheels on the Bus: Mango Helps the Moon Mouse,8/11/2014,11/9/2014,771205918.0,2005.0,-1.0,100.0,The Help,0
497,"Hills Have Eyes, The",The Hills Have Eyes 2,3/6/2014,2/5/2014,93101300.0,2007.0,11.0,40.0,The Hills Have Eyes,0
511,How to Train Your Dragon,How to Train Your Dragon 2,3/10/2014,,770782733.0,2014.0,-1.0,99.0,How to Train Your Dragon,0
545,"Island, The",Journey 2: The Mysterious Island,7/5/2014,1/4/2014,1969.0,2012.0,42.0,60.0,The Island,0
576,Kill Bill Volume 1 & 2,Kill Bill: Volume 1,,,12865.0,2003.0,85.0,80.0,Kill Bill Volume 1 & 2,0
581,"Kingdom, The",Indiana Jones and the Kingdom of the Crystal Skull,9/7/2014,8/6/2014,462995625.0,2008.0,78.0,54.0,The Kingdom,0
596,"Last Flight, The",The Last Flight of Noah's Ark,8/31/2014,,770793175.0,1980.0,40.0,49.0,The Last Flight,0
604,Legend,I Am Legend,,3/1/1984,10086.0,2007.0,70.0,68.0,Legend,0
622,"Little Mermaid, The","Little Mermaid, The: DVD Read-Along",,6/11/1905,9373.0,2002.0,-1.0,100.0,The Little Mermaid,0
662,Marley & Me,Marley,12/8/2014,3/7/2014,770728939.0,2012.0,95.0,90.0,Marley & Me,0
666,"Mask, The",Behind the Mask: The Rise of Leslie Vernon,7/1/1994,,11568.0,2006.0,74.0,75.0,The Mask,0
668,"Master, The",,9/12/2014,,771206753.0,,,,The Master,0
