Script_Id,Script_Title,rt_title,Movie_Release_Date,Script_Date,rt_id,rt_year,rt_critics_score,rt_audience_score
819,Rachel Getting Married,Rachel Getting Married,,,770784042,2008,85,62
824,"Reader, The",The Reader,1/9/2014,,770684517,2008,61,79
826,Rear Window,Rear Window,,12/1/1953,10046,1954,100,95
829,Red Riding Hood,Red Riding Hood,3/11/2014,7/9/2014,771039609,2011,10,39
830,Reindeer Games,Reindeer Games (Deception),2/1/2000,,16279,2000,25,28
832,Remember Me,Remember Me,3/10/2014,4/9/2014,770860248,1985,-1,50
833,"Replacements, The",The Replacements,,2/1/1999,10271,2000,40,67
834,Repo Man,Repo Man,3/1/1984,,16154,1984,98,79
835,"Rescuers Down Under, The",The Rescuers Down Under,,11/1/1990,9505,1990,68,68
836,Reservoir Dogs,Reservoir Dogs,,10/1/1990,14978,1992,92,94
839,Revolutionary Road,Revolutionary Road,12/8/2014,,770674037,2008,68,71
841,Rise of the Guardians,Rise of the Guardians,11/12/2014,9/12/2014,771229644,2012,74,81
842,Rise of the Planet of the Apes,Rise Of The Planet Of The Apes 3,8/11/2014,1/10/2014,771373077,2016,-1,96
843,RKO 281,RKO 281: The Battle Over Citizen Kane,11/1/1999,5/1/1997,746767079,1999,92,74
844,"Road, The",The Road,11/9/2014,,770782192,2009,75,68
845,Robin Hood  Prince of Thieves,Robin Hood: Prince of Thieves,,7/1/1990,10372,1991,59,73
847,"Rock, The",Pirate Radio (The Boat That Rocked),,10/1/1995,770783550,2009,60,71
848,RocknRolla,RocknRolla,10/8/2014,6/7/2014,770681350,2008,59,71
850,"Rocky Horror Picture Show, The",The Rocky Horror Picture Show,,5/28/1905,14020,1975,78,86
851,Romeo & Juliet,Romeo,11/1/1996,10/1/1995,771311407,2012,-1,100
853,"Roommate, The",The Roommate,2/11/2014,4/9/2014,770813870,2011,4,27
854,Roughshod,Roughshod,5/1/1949,,770810947,1949,-1,33
855,"Ruins, The",The Ruins,4/8/2014,,770680566,2008,48,30
856,Runaway Bride,Runaway Bride,,6/21/1905,11674,1999,46,53
860,Rust and Bone,De rouille et d'os (Rust and Bone),12/12/2014,8/11/2014,771303199,2012,82,79
861,S. Darko,S. Darko: A Donnie Darko Tale,5/9/2014,,770782179,2009,0,18
864,"Sandlot Kids, The",nan,4/1/1993,6/1/1992,,,,
865,Save the Last Dance,Save the Last Dance,,6/1/1999,10398,2001,53,59
867,Saw,Saw II,10/4/2014,,8918,2005,36,59
868,Scarface,Scarface,,,12881,1983,88,94
871,Scott Pilgrim vs the World,Scott Pilgrim vs. the World,8/10/2014,5/10/2014,770782775,2010,82,83
872,Scream,Scream,,7/1/1995,17135,1996,80,78
873,Scream 2,Scream 2,,6/19/1905,16559,1997,81,55
874,Scream 3,Scream 3,,5/1/1999,13688,2000,36,38
877,Semi-Pro,Semi-Pro,2/8/2014,6/6/2014,770674955,2008,21,38
878,Sense and Sensibility,Sense and Sensibility,,6/17/1905,10042,1995,98,90
879,Serenity,Serenity,9/5/2014,4/4/2014,8266,2005,82,92
881,"Sessions, The",nan,11/12/2014,,770926614,,,
882,"Seventh Seal, The",The Seventh Seal (Det Sjunde inseglet),,,341817599,1957,94,94
883,Sex and the City,Sex and the City,5/8/2014,,770680567,2008,49,77
885,Sexual Life,Sexual Life,3/5/2014,,175340718,2004,-1,43
887,Shakespeare in Love,Shakespeare in Love,,,14753,1998,93,80
888,Shallow Grave,Shallow Grave,2/1/1995,,16178,1994,72,83
889,Shame,Shame,12/11/2014,,771251632,2011,79,75
892,She's Out of My League,She's Out of My League,3/10/2014,,770682073,2010,58,59
893,Sherlock Holmes,Sherlock Holmes,12/9/2014,9/8/2014,770796118,2009,70,77
894,Shifty,Shifty,9/9/2014,,770804365,2008,96,67
896,"Shipping News, The",The Shipping News,1/2/2014,2/1/1999,13675,2001,55,63
897,Shivers,Shivers,7/1/1976,,770934827,1999,-1,100
898,Shrek,Shrek 2,5/1/2014,,10043,2004,89,69
899,Shrek the Third,Shrek the Third,5/7/2014,,387253026,2007,40,53
900,Sideways,Sideways,1/5/2014,5/3/2014,12851,2004,96,78
901,"Siege, The",Die Sieger (The Invincibles),11/1/1998,,771238388,1994,-1,0
905,Silver Linings Playbook,Silver Linings Playbook,12/12/2014,,771253886,2012,92,86
907,Sister Act,Sister Act,5/1/1992,7/1/1991,10317,1992,71,64
908,Six Degrees of Separation,Six Degrees of Separation,12/1/1993,4/1/1992,13622,1993,88,72
910,Sleepless in Seattle,Sleepless in Seattle,,5/1/1992,12631,1993,71,75
913,Slither,Slither,3/6/2014,9/4/2014,133759650,2006,86,62
914,Slumdog Millionaire,Slumdog Millionaire,1/9/2014,11/7/2014,770770017,2008,94,90
915,Smashed,Smashed,10/12/2014,9/11/2014,771266233,2012,84,67
916,Smokin' Aces,Smokin' Aces,1/7/2014,4/5/2014,387399996,2007,29,62
917,Snatch,Snatch,1/1/2014,8/1/1999,16867,2001,73,94
920,Snow White and the Huntsman,Snow White and the Huntsman,6/12/2014,11/11/2014,771218292,2012,48,52
921,So I Married an Axe Murderer,So I Married an Axe Murderer,,6/15/1905,10601,1993,52,69
923,Soldier,Soldier,10/1/1998,10/1/1997,13402,1998,10,43
924,Someone To Watch Over Me,Someone to Watch over Me,,12/1/1986,13915,1987,76,43
925,Something's Gotta Give,Something's Gotta Give,12/3/2014,6/2/2014,10126,2003,71,70
926,Source Code,Source Code,4/11/2014,1/7/2014,771174105,2011,92,81
928,Spanglish,Spanglish,12/4/2014,,10163,2004,53,61
930,Spartan,Spartan,,2/2/2014,13523,2004,64,63
932,Speed Racer,Speed Racer,5/8/2014,1/7/2014,770669719,2008,39,60
935,St. Elmo's Fire,St. Elmo's Fire,6/1/1985,9/1/1984,13025,1985,47,70
936,Star Trek,Star Trek,5/9/2014,11/7/2014,770673029,2009,95,91
942,Star Wars  A New Hope,Star Wars: Episode IV - A New Hope,5/1/1977,1/1/1976,11292,1977,93,96
943,Star Wars  Attack of the Clones,Star Wars: Episode II - Attack of the Clones 3D,,2/2/2014,10009,2002,67,60
944,Star Wars  Return of the Jedi,Star Wars: Episode VI - Return of the Jedi,,12/1/1981,11366,1983,78,95
946,Star Wars  The Empire Strikes Back,Star Wars: Episode V - The Empire Strikes Back,5/1/1980,,11470,1980,96,97
947,Star Wars  The Phantom Menace,Star Wars: Episode I - The Phantom Menace,,6/21/1905,10008,1999,57,61
948,Starman,Starman,12/1/1984,,10746,1984,79,68
949,Starship Troopers,Starship Troopers,,6/19/1905,13719,1997,63,69
951,Station West,Station West,10/1/1948,6/1/1947,770889089,1948,-1,44
954,Stir of Echoes,Stir of Echoes,9/1/1999,3/1/1998,14386,1999,67,70
956,Strange Days,Strange Days,10/1/1995,8/1/1993,13697,1995,63,73
957,Strangers on a Train,Strangers on a Train,,10/1/1950,10699,1951,98,93
958,"Stuntman, The","Ultimate Stuntman, The - A Tribute to Dar Robinson",6/1/1980,,770890582,1990,-1,0
959,Sugar,Sugar,4/9/2014,,770764963,2008,93,80
962,Sunshine Cleaning,Sunshine Cleaning,3/9/2014,3/7/2014,770682576,2008,72,62
963,Super 8,Super 8,6/11/2014,12/10/2014,771041011,2011,82,75
964,Superbad,Superbad,8/7/2014,7/6/2014,742790759,2007,88,87
966,Supergirl,Supergirl,,1/1/1983,11892,1984,8,27
967,"Surfer King, The",The Surfer King,1/6/2014,4/4/2014,770676849,2006,-1,24
968,Surrogates,Surrogates,9/9/2014,10/7/2014,770801542,2009,39,38
969,Suspect Zero,Suspect Zero,8/4/2014,11/1/2014,14189,2004,18,39
970,Sweeney Todd  The Demon Barber of Fleet Street,Sweeney Todd: The Demon Barber of Fleet Street,12/7/2014,12/6/2014,770672301,2007,86,81
974,Swordfish,Swordfish,,1/1/2014,13173,2001,26,61
975,"Synecdoche, New York","Synecdoche, New York",3/9/2014,7/7/2014,770682711,2008,69,70
976,Syriana,Syriana,12/5/2014,,9369,2005,72,68
977,Taking Lives,Taking Lives,3/4/2014,2/3/2014,17141,2004,22,57
978,"Taking of Pelham One Two Three, The",The Taking of Pelham 1 2 3,10/1/1974,4/1/1973,770674198,2009,50,52
979,Taking Sides,Taking Sides,9/3/2014,,20070,2001,73,72
981,Tall in the Saddle,Tall in the Saddle,9/1/1944,,18797,1941,-1,70
982,Tamara Drewe,Tamara Drewe,10/10/2014,10/9/2014,771042123,2010,66,43
984,Ted,Ted,6/12/2014,,771236465,2012,68,74
985,Terminator,Terminator Salvation,,4/1/1983,770676948,2009,33,55
986,Terminator 2  Judgement Day,nan,,6/13/1905,770910519,,,
987,Terminator Salvation,Terminator Salvation,5/9/2014,10/5/2014,770676948,2009,33,55
988,The Rage  Carrie 2,The Rage: Carrie 2,3/1/1999,2/1/1998,14152,1999,21,34
992,"Thing, The",Where the Wild Things Are,,3/1/1981,770671948,2009,73,57
993,"Things My Father Never Taught Me, The",nan,4/12/2014,,,,,
995,This Boy's Life,This Boy's Life,,3/1/1992,13933,1993,75,80
996,This is 40,This is 40,12/12/2014,,771225336,2012,51,51
997,Thor,Thor,5/11/2014,,770783549,2011,77,76
1000,Three Men and a Baby,Three Men and a Baby (3 Men and a Baby),,11/1/1986,10716,1987,75,47
1001,"Three Musketeers, The","Three Musketeers, The - All for One and One for All",,1/1/1993,770893925,1977,-1,100
1002,Thunderheart,Thunderheart,4/1/1992,10/1/1990,13235,1992,87,75
1003,Ticker,Ticker,11/1/2014,11/1/1997,14062,2001,-1,16
1004,Timber Falls,Timber Falls,12/7/2014,9/6/2014,770680423,2007,38,28
1006,Tin Cup,Tin Cup,,12/1/1995,13203,1996,69,65
1007,Tin Men,Tin Men,,6/1/1986,13409,2002,79,63
1008,Tinker Tailor Soldier Spy,Tinker Tailor Soldier Spy,12/11/2014,,771223851,2011,83,65
1009,Titanic,Titanic,,6/19/1905,22494,1997,88,69
1010,TMNT,TMNT,3/7/2014,8/5/2014,387555583,2007,34,61
1013,Tomorrow Never Dies,Tomorrow Never Dies,,6/19/1905,11715,1997,57,54
1015,Total Recall,Total Recall,,9/1/1990,771190127,2012,30,47
1016,"Tourist, The",The Tourist,12/10/2014,6/8/2014,771035591,2010,20,42
1020,Trainspotting,Trainspotting,,6/18/1905,16743,1996,89,94
1021,Transformers  The Movie,Transformers: Revenge of the Fallen,,,770676429,2009,20,58
1023,Tristan and Isolde,Tristan & Isolde,1/6/2014,,2864426,2005,32,72
1025,TRON  Legacy,Tron Legacy,12/10/2014,,770785471,2010,51,64
1026,Tropic Thunder,Tropic Thunder,8/8/2014,,770681826,2008,83,70
1028,True Grit,True Grit,12/10/2014,6/9/2014,770860165,2010,96,85
1029,True Lies,True Lies,,6/16/1905,16394,1994,72,76
1032,Twilight,Twilight,11/8/2014,2/8/2014,770797582,2008,-1,74
1033,Twilight  New Moon,The Twilight Saga: New Moon,11/9/2014,12/8/2014,770801331,2009,27,61
1034,Twin Peaks,Twin Peaks - Fire Walk with Me,,6/14/1905,13272,1992,60,79
1035,Twins,Twins,,3/1/1998,10844,1988,36,38
1036,Two For The Money,Two For the Money,10/5/2014,10/4/2014,8568,2005,22,49
1038,"Ugly Truth, The",The Ugly Truth,7/9/2014,2/8/2014,770789184,2009,13,61
1040,Under Fire,Under Fire,10/1/1983,,14738,1983,88,69
1042,Unknown,Unknown,2/11/2014,10/9/2014,382673898,2006,38,55
1043,Up,Up,5/9/2014,,770671912,2009,98,89
1044,Up in the Air,Up in the Air,12/9/2014,,770790933,2009,90,79
1046,V for Vendetta,V for Vendetta,3/6/2014,,112770454,2006,73,90
1048,Valkyrie,Valkyrie,12/8/2014,1/7/2014,770671940,2008,61,65
1049,Vanilla Sky,Vanilla Sky,12/1/2014,,13077,2001,40,73
1050,"Verdict, The",The Verdict,,6/4/1905,12978,1982,96,89
1052,Very Bad Things,Very Bad Things,,9/1/1997,16423,1998,44,58
1055,"Visitor, The",The Visitor,4/8/2014,,770679048,2008,89,84
1057,"Walk to Remember, A",A Walk to Remember,,7/1/2000,10093,2002,27,78
1058,Walking Tall,Walking Tall,4/4/2014,,10644,2004,25,61
1060,Wall-E,WALL-E,6/8/2014,,770671491,2008,96,89
1061,Wanted,Wanted,6/8/2014,12/5/2014,770675607,2008,71,69
1062,War Horse,War Horse,12/11/2014,,771041783,2011,77,74
1063,War of the Worlds,War of the Worlds,6/5/2014,,1789,2005,74,41
1064,Warm Springs,Warm Springs,4/5/2014,9/4/2014,167957324,2005,-1,76
1065,Warrior,Warrior,9/11/2014,,770857926,2011,83,92
1066,Watchmen,Watchmen,3/9/2014,,770671949,2009,64,70
1067,Water for Elephants,Water for Elephants,4/11/2014,4/9/2014,771204250,2011,60,70
1068,"Way Back, The",Ain't No Way Back (The Ghost of Fletcher Ridge),1/11/2014,1/9/2014,770710746,1989,-1,33
1069,We Own the Night,We Own the Night,10/7/2014,,770670992,2007,57,61
1071,What Lies Beneath,What Lies Beneath,,6/1/1999,10686,2000,46,59
1072,When a Stranger Calls,When a Stranger Calls,10/1/1979,,14662876,2006,9,44
1074,While She Was Out,While She Was Out,12/8/2014,12/6/2014,770797858,2008,31,18
1075,"Whistleblower, The",The Whistleblower,8/11/2014,8/7/2014,771205410,2010,74,72
1077,White Jazz,White Jazz,,9/7/2014,770795952,2009,-1,0
1078,"White Ribbon, The",The White Ribbon (Das weisse Band),12/9/2014,,770808692,2009,85,78
1079,White Squall,White Squall,,10/1/1994,10752,1996,62,66
1080,Whiteout,Whiteout,9/9/2014,12/6/2014,770674765,2009,7,21
1082,Who's Your Daddy,Who's Your Daddy,1/5/2014,,14628,2002,-1,39
1084,"Wild Bunch, The",The Wild Bunch,6/1/1969,2/1/1968,12968,1969,98,91
1085,Wild Hogs,Wild Hogs,3/7/2014,7/5/2014,450816743,2007,14,62
1087,Wild Things  Diamonds in the Rough,Wild Things: Diamonds in the Rough,2/5/2014,2/4/2014,486278199,2005,-1,24
1088,Wild Wild West,Wild Wild West,,5/1/1998,11293,1999,20,28
1090,Win Win,Win Win,3/11/2014,,771224337,2011,94,85
1091,Wind Chill,Wind Chill,4/7/2014,,706675581,2007,48,31
1094,"Wizard of Oz, The","Wizard of Oz, The - We're Off to Save the Wizard",,3/1/1939,770896505,1992,-1,100
1096,"Woodsman, The",The Woodsman,12/4/2014,7/2/2014,13229,2004,88,78
1097,"World is not Enough, The",The World Is Not Enough,,6/21/1905,10446,1999,51,50
1098,"Wrestler, The",The Wrestler,1/9/2014,10/7/2014,770680582,2008,98,88
1101,X-Men Origins  Wolverine,X-Men Origins - Wolverine,5/9/2014,,770675725,2009,38,60
1102,xXx,XXX,,8/1/2014,11915,2002,48,59
1103,Year One,Year One,6/9/2014,10/7/2014,770684022,2009,14,23
1104,Yes Man,Yes Man,12/8/2014,2/7/2014,770682011,2008,45,66
1105,You Can Count On Me,You Can Count On Me,11/1/2000,,13769,2000,95,89
1107,Youth in Revolt,Youth in Revolt,1/10/2014,7/7/2014,770782193,2010,66,53
1108,Zero Dark Thirty,Zero Dark Thirty,1/13/2014,10/11/2014,771249562,2012,93,80
1109,Zerophilia,Zerophilia,10/6/2014,3/4/2014,358604202,2006,25,62
670,"Matrix Reloaded, The",The Matrix Reloaded,,4/1/1999,13008,2003,73,72
671,"Matrix, The",The Matrix,,6/1/1997,12897,1999,87,85
672,Max Payne,Max Payne,10/8/2014,8/7/2014,770706171,2008,16,30
673,Mean Streets,Mean Streets,10/1/1973,,14993,1973,98,85
674,"Mechanic, The",Body Mechanics - The Movie + DVD Game,1/11/2014,7/9/2014,770994394,2007,-1,0
675,Meet Joe Black,Meet Joe Black,,6/20/1905,12724,1998,51,81
676,Meet John Doe,Meet John Doe,5/1/1941,,20170,1941,88,83
677,Megamind,Megamind,11/10/2014,,770805424,2010,73,71
679,Men in Black,Men in Black III,,6/19/1905,771041419,2012,70,71
680,Men in Black 3,Men in Black III,5/12/2014,,771041419,2012,70,71
681,"Men Who Stare at Goats, The",The Men Who Stare at Goats,11/9/2014,10/8/2014,770790932,2009,52,39
682,Metro,Metro,,6/19/1905,15996,1997,15,27
683,Miami Vice,Miami Vice,7/6/2014,9/4/2014,190816390,2006,47,43
685,Midnight Express,Midnight Express,10/1/1978,6/1/1977,13816,1978,95,90
686,Midnight in Paris,Midnight in Paris,6/11/2014,,771040308,2011,93,82
687,Mighty Morphin Power Rangers  The Movie,Mighty Morphin Power Rangers - The Movie,6/1/1995,10/1/1994,11319,1995,50,57
688,Milk,Milk,11/8/2014,,770684396,2008,94,89
691,Mini's First Time,Mini's First Time,6/6/2014,,248006765,2006,54,47
693,"Miracle Worker, The",The Miracle Worker,7/1/1962,7/1/1961,18244,1962,100,88
694,Mirrors,Mirrors,8/8/2014,1/7/2014,770740067,2008,14,45
698,Mission to Mars,Mission To Mars,3/1/2000,,10912,2000,25,30
699,Moneyball,Moneyball,9/11/2014,,771189939,2011,94,86
700,Monkeybone,Monkeybone,2/1/2014,2/1/1999,11961,2001,20,28
702,Monte Carlo,Monte Carlo,7/11/2014,11/7/2014,771202906,2011,38,49
703,Moon,Moon,6/9/2014,11/7/2014,770782176,2009,89,89
704,Moonrise Kingdom,Moonrise Kingdom,6/12/2014,5/11/2014,771242131,2012,94,86
705,Moonstruck,Moonstruck,,6/9/1905,10256,1987,93,81
706,Mr Blandings Builds His Dream House,Mr. Blandings Builds His Dream House,6/1/1948,,18202,1948,80,76
707,Mr Brooks,Mr. Brooks,6/7/2014,,577183017,2007,55,76
708,Mr Deeds Goes to Town,Mr. Deeds Goes to Town,4/1/1936,12/1/1935,18903,1936,94,86
711,Mud,Mud,5/13/2014,9/11/2014,771307452,2013,98,80
712,Mulan,Mulan,,6/20/1905,9714,1998,86,84
714,Mumford,Mumford,9/1/1999,,14871,1999,56,67
715,"Mummy, The",The Mummy: Tomb of the Dragon Emperor,,6/21/1905,770671522,2008,13,30
716,Music of the Heart,Music of the Heart,10/1/1999,1/1/1999,10485,1999,63,73
717,My Best Friend's Wedding,My Best Friend's Wedding,,6/19/1905,12712,1997,71,74
718,My Girl,My Girl,11/1/1991,,11521,1991,50,78
720,My Week with Marilyn,My Week with Marilyn,12/11/2014,,771219504,2011,84,71
727,New York Minute,New York Minute,5/4/2014,2/3/2014,11558,2004,11,47
728,Newsies,Newsies,,6/1/1991,10068,1992,40,89
729,Next,Next,4/7/2014,5/4/2014,611219283,2007,28,54
731,"Next Three Days, The",The Next Three Days,11/10/2014,8/9/2014,770873457,2010,52,66
732,Nick of Time,Nick of Time,11/1/1995,3/1/1995,13222,1995,29,48
733,Night Time (The Poltergeist Treatment),Night Time in Nevada,6/1/1982,3/1/1980,770708707,1948,-1,0
734,Nightbreed,Nightbreed,2/1/1990,,13440,1990,38,63
735,"Nightmare Before Christmas, The",The Nightmare Before Christmas,,8/1/1991,12490,1993,94,92
739,Nine,Nine,12/9/2014,11/9/2014,770783485,2009,37,37
740,"Nines, The",The Nines,8/7/2014,11/6/2014,528361347,2006,64,62
741,Ninja Assassin,Ninja Assassin,11/9/2014,6/8/2014,770780587,2009,26,54
742,Ninotchka,Ninotchka,11/1/1939,,18487,1939,97,89
744,No Strings Attached,No Strings Attached,1/11/2014,,771225438,2011,49,52
745,Notting Hill,Notting Hill,,6/21/1905,10110,1999,83,79
748,Oblivion,Oblivion,4/13/2014,3/11/2014,771245728,2013,53,61
749,Observe and Report,Observe and Report,4/9/2014,,770801896,2009,51,37
750,Obsessed,Obsessed,4/9/2014,10/7/2014,770885991,1988,-1,0
751,Ocean's Eleven,Ocean's Eleven,12/1/2014,5/1/2014,10182,2001,82,79
752,Ocean's Twelve,Ocean's Twelve,12/4/2014,,10049,2004,55,61
753,Office Space,Office Space,,12/1/1997,13020,1999,79,93
757,Only God Forgives,Only God Forgives,7/13/2014,,771303322,2013,39,38
758,Ordinary People,Ordinary People,9/1/1980,,13029,1980,92,88
760,Orphan,Orphan,7/9/2014,2/7/2014,770801898,2009,55,64
761,"Other Boleyn Girl, The",The Other Boleyn Girl,2/8/2014,2/6/2014,770672985,2008,42,62
764,"Pacifier, The",The Pacifier,3/5/2014,3/4/2014,27,2005,20,60
765,Pandorum,Pandorum,9/9/2014,,770799661,2009,27,48
767,ParaNorman,ParaNorman,8/12/2014,,771242305,2012,87,72
768,Pariah,Pariah,12/11/2014,,771228631,2011,95,82
769,"Passion of Joan of Arc, The",The Passion of Joan of Arc (La Passion de Jeanne d'Arc),3/29/2014,,18673,1928,97,94
771,Paul,Paul,3/11/2014,,770788767,2011,71,61
773,Peeping Tom,Peeping Tom,5/1/1960,,19244,1960,95,86
775,Perfect Creature,Perfect Creature,7/7/2014,5/4/2014,655804859,2006,-1,37
776,"Perfect World, A",A Perfect World,,12/1/1992,11109,1993,81,84
777,"Perks of Being a Wallflower, The",The Perks of Being a Wallflower,10/12/2014,,771230011,2012,85,89
780,Petulia,Petulia,6/1/1968,3/1/1967,446335917,1968,91,82
784,"Pianist, The",The Pianist,9/2/2014,,14246,2002,96,96
786,Pineapple Express,Pineapple Express,8/8/2014,11/6/2014,770671939,2008,68,73
787,Pirates of the Caribbean,Pirates of the Caribbean: The Curse of the Black Pearl,,,10020,2003,79,86
788,Pirates of the Caribbean  Dead Man's Chest,Pirates of the Caribbean: Dead Man's Chest,7/6/2014,8/6/2014,190815398,2006,54,72
791,Platinum Blonde,Platinum Blonde,10/31/2014,,20805,1931,100,66
794,Point Break,Point Break,,6/13/1905,13320,1991,68,79
795,Pokemon  Mewtwo Returns,Pokemon - Mewtwo Returns,,6/22/1905,19297,1997,-1,59
796,"Postman, The",The Postman,,11/1/1996,13330,1997,9,49
797,"Power of One, The",The Power of One,,2/1/1990,10312,1992,39,88
798,Precious,Precious: Based on the Novel Push by Sapphire,11/9/2014,1/8/2014,770803691,2008,91,81
800,Pretty Woman,Pretty Woman,,9/1/1990,13006,1990,62,68
801,Pride and Prejudice,Pride and Prejudice,11/5/2014,,9185,2005,85,90
802,Priest,Priest,5/11/2014,,770682648,2011,16,46
804,"Private Life of Sherlock Holmes, The",The Private Life of Sherlock Holmes,,,11335,1970,95,73
806,"Program, The",Programming The Nation?,9/1/1993,11/1/1992,771244045,2011,38,77
807,Prom Night,Prom Night,7/1/1980,,770680887,2008,8,38
808,Prometheus,Prometheus,6/12/2014,,771228969,2012,74,69
809,"Prophecy, The",Prophecy: The Next 1000 Years,9/1/1995,,770966897,2004,-1,0
810,"Proposal, The",The Proposal,6/9/2014,6/6/2014,770785598,2009,43,68
812,Public Enemies,Public Enemies,7/9/2014,11/7/2014,770681871,2009,68,59
815,Purple Rain,Purple Rain,7/1/1984,,13767,1984,74,80
817,Queen of the Damned,Queen of the Damned,,8/1/2000,13541,2002,17,67
818,"Queen, The",nan,9/6/2014,,770913715,,,
3,12 and Holding,Twelve and Holding (12 and Holding),5/6/2014,4/4/2014,155655015,2005,73,79
5,127 Hours,127 Hours,11/10/2014,,771028554,2010,93,85
8,17 Again,17 Again,4/9/2014,10/7/2014,770680214,2009,55,68
10,2001  A Space Odyssey,2001: A Space Odyssey,,2/1/1989,9917,1968,97,89
11,2012,2012,11/9/2014,2/8/2014,770795544,2009,39,47
13,30 Minutes or Less,30 Minutes or Less,8/11/2014,12/9/2014,771041151,2011,45,41
14,44 Inch Chest,44 Inch Chest,1/10/2014,,770807379,2009,41,36
16,50-50,50/50,9/11/2014,7/8/2014,771234468,2011,93,88
17,500 Days of Summer,500 Days of Summer,7/9/2014,,770801801,2009,87,84
20,9,Nine,9/9/2014,,770783485,2009,37,37
21,A Few Good Men,A Few Good Men,12/1/1992,7/1/1991,15948,1992,81,89
22,A Serious Man,A Serious Man,10/9/2014,6/7/2014,770785948,2009,89,67
24,Above the Law,Above the Law,,4/1/1987,14038,1988,57,49
25,Absolute Power,Absolute Power,,5/1/1996,13603,1997,45,52
28,Adaptation,Adaptation,,11/1/2000,13212,2002,91,85
29,"Addams Family, The",The Addams Family,11/1/1991,4/1/1991,12675,1991,60,66
30,"Adjustment Bureau, The",The Adjustment Bureau,3/11/2014,,770810295,2011,72,67
31,"Adventures of Buckaroo Banzai Across the Eighth Dimension, The",The Adventures of Buckaroo Banzai Across the 8th Dimension,,3/1/1983,10264,1984,71,71
32,Affliction,Affliction,1/1/1999,6/19/1905,16085,1997,87,72
33,After School Special,National Lampoon's Barely Legal (After School Special),,1/1/2000,8847,2003,-1,27
34,After.Life,AfterLife,4/10/2014,7/8/2014,770728549,2003,-1,67
35,Agnes of God,Agnes of God,,,11917,2002,46,56
37,Airplane,Airplane!,7/1/1980,6/1/1979,10421,1980,98,89
38,Airplane 2  The Sequel,Airplane 2 - The Sequel,12/1/1982,2/1/1982,10442,1982,39,51
39,Aladdin,Aladdin,,6/14/1905,9941,2002,-1,67
40,Ali,Ali,12/1/2014,,14265,2001,67,65
42,Alien 3,Unseen Evil 2 (Alien 3000),,1/1/1991,770672851,2004,-1,16
44,Alien vs. Predator,Aliens vs. Predator: Requiem (AVP 2),,,769772568,2007,12,31
45,Alien  Resurrection,Alien Resurrection,,,13889,1997,52,41
48,All About Steve,All About Steve,9/9/2014,11/6/2014,770680913,2009,7,30
49,All the King's Men,All The King's Men,11/1/1949,,287865326,2006,11,40
52,Alone in the Dark,Alone in the Dark,1/5/2014,,14064,2005,1,10
54,Amelia,Amelia,10/9/2014,9/7/2014,770795561,2009,21,31
55,American Beauty,American Beauty,,,12878,1999,88,93
56,American Gangster,American Gangster,11/7/2014,7/6/2014,770671119,2007,80,87
57,American Graffiti,American Graffiti,8/1/1973,,10200,1973,95,84
58,American History X,American History X,,2/1/1997,12900,1998,82,96
59,American Madness,American Madness,8/1/1932,,770672871,1932,-1,86
64,American Shaolin  King of Kickboxers II,American Shaolin - King of the Kickboxers II,,,770901516,1992,-1,27
65,American Splendor,American Splendor,9/3/2014,,13417,2003,94,87
67,"American, The",The American,9/10/2014,5/9/2014,771202361,2010,66,38
68,Amour,Love Is In The Air,12/12/2014,,771351663,2013,75,46
69,An Education,An Education,10/9/2014,,770802627,2009,94,80
70,Analyze That,Analyze That,,6/2/2014,14627,2002,27,40
71,Analyze This,Analyze This,,7/1/1998,13689,1999,69,62
72,Anastasia,Anastasia,,6/19/1905,9895,1997,86,77
73,Angel Eyes,Angel Eyes,,10/1/1999,13942,2001,33,46
74,Angels & Demons,Angels & Demons,5/9/2014,4/8/2014,770676132,2009,37,58
75,Anna Karenina,Anna Karenina,11/12/2014,,771250010,2012,63,51
78,Anonymous,Anonymous,10/11/2014,,771207996,2011,47,54
79,Antitrust,Antitrust,1/1/2014,,11926,2001,24,51
84,April Fool's Day,April Fool's Day,3/1/1986,,14260,1986,36,48
86,Arbitrage,Arbitrage,9/12/2014,4/11/2014,771266208,2012,87,63
87,Arcade,Arcade,,11/1/1990,420285967,1993,-1,36
88,Arctic Blue,Arctic Blue,,,770680216,1993,-1,11
89,Argo,Argo,10/12/2014,,771256128,2012,96,90
90,Armageddon,Armageddon,,6/20/1905,770949055,1997,-1,100
91,Army of Darkness,Army of Darkness,,1/1/1991,13043,1993,70,87
92,Arsenic and Old Lace,Arsenic and Old Lace,9/1/1944,,18092,1944,92,92
93,Arthur,Arthur,4/11/2014,10/9/2014,771190128,2011,26,45
94,"Artist, The",The Breakup Artist,1/12/2014,,770724421,2004,-1,14
97,"Assignment, The",On Assignment - The Video Guide to Basic 35mm Photography,9/1/1997,7/1/1996,770896886,1990,-1,0
101,Autumn in New York,Autumn in New York,8/1/2000,,11409,2000,20,55
102,Avatar,Avatar,12/9/2014,,665118753,2009,83,82
104,"Avventura, L' (The Adventure)",Las Adventuras Locas De Popeye,,,770998261,2007,-1,0
105,Awakenings,Awakenings,,10/1/1989,10603,1990,87,89
106,Babel,Babel,11/6/2014,4/5/2014,314388060,2006,69,77
107,Bachelor Party,Bachelor Party,6/4/2014,,13796,1984,50,58
108,"Bachelor Party, The",Bachelor Party 2: The Last Temptation,4/1/1957,,770684471,2008,-1,34
111,"Back-up Plan, The",The Back-up Plan,4/10/2014,8/7/2014,770805262,2010,18,45
112,Backdraft,Backdraft,,6/13/1905,13033,1991,73,76
113,Bad Boys,Bad Boys,,6/1/1994,16193,1995,43,79
114,Bad Day at Black Rock,Bad Day at Black Rock,1/1/1955,,18702,1955,96,88
115,Bad Dreams,Bad Dreams,4/1/1988,,388306961,1988,13,43
116,Bad Lieutenant,Bad Lieutenant,11/1/1992,11/1/1990,13570,1992,77,74
117,Bad Santa,Bad Santa,,2/2/2014,16986,2003,77,76
118,Bad Teacher,Bad Teacher,6/11/2014,6/8/2014,771030879,2011,44,36
119,Badlands,Badlands,,5/26/1905,11145,1973,98,91
120,Bamboozled,Bamboozled,,,16735,2000,48,75
123,Basic,Basic,,3/1/2000,13691,2003,21,65
125,Basquiat,Basquiat,,,13273,1996,70,78
133,"Battle of Shaker Heights, The",The Battle of Shaker Heights,8/3/2014,,12502,2003,41,51
134,Battle  Los Angeles,Battle: Los Angeles,3/11/2014,5/9/2014,770815449,2011,35,48
136,Bean,Bean,,,12533,1997,42,53
137,Beasts of the Southern Wild,Beasts of the Southern Wild,6/12/2014,,771267232,2012,86,76
139,Beginners,Beginners,6/11/2014,,771208735,2011,84,77
140,Being Human,Being Human,,1/1/1992,243246168,1994,50,44
143,"Believer, The",Daydream Believers: The Monkees Story,5/2/2014,,770689668,2000,-1,50
144,Beloved,Beloved,10/1/1998,10/1/1996,13434,1998,78,72
146,"Best Exotic Marigold Hotel, The",The Best Exotic Marigold Hotel,5/12/2014,1/11/2014,771252912,2012,78,79
147,Big,Big,,6/10/1905,10396,1988,97,81
149,Big Fish,Big Fish,1/4/2014,,10167,2004,77,90
151,"Big White, The",The Big White,12/5/2014,3/4/2014,243164069,2005,30,57
153,Birthday Girl,Birthday Girl,,1/1/2014,14392,2001,58,40
154,"Black Dahlia, The",The Black Dahlia,9/6/2014,,287865097,2006,32,27
156,Black Snake Moan,Black Snake Moan,3/7/2014,,484814600,2007,66,69
157,Black Swan,Black Swan,12/10/2014,1/10/2014,770738135,2010,87,84
159,Blade II,Blade II,,,13362,2002,59,68
161,Blade  Trinity,Blade: Trinity,12/4/2014,,17000,2004,26,60
163,"Blind Side, The",The Blind Side,11/9/2014,4/9/2014,770808362,2009,66,85
164,Blood and Wine,Blood and Wine,2/1/1997,12/1/1994,364525542,1997,61,36
167,Blue Valentine,Blue Valentine,12/10/2014,5/9/2014,770728350,2010,87,77
168,Blue Velvet,Blue Velvet,,,16022,1986,92,89
170,"Bodies, Rest & Motion","Bodies, Rest & Motion",,6/15/1905,14530,1993,52,51
171,Body Heat,Body Heat,,,13189,1981,97,80
173,Bodyguard,Bodyguard,,2/1/1992,770860597,2011,40,44
175,Bonfire of the Vanities,The Bonfire of the Vanities,,7/1/1990,14676,1990,16,27
176,Bonnie and Clyde,Bonnie and Clyde,,,13095,1967,90,88
177,Boogie Nights,Boogie Nights,,,14134,1997,92,89
178,"Book of Eli, The",The Book of Eli,1/10/2014,6/7/2014,770804147,2010,48,64
179,Boondock Saints 2  All Saints Day,The Boondock Saints II: All Saints Day,11/9/2014,9/7/2014,770807373,2009,23,58
180,"Boondock Saints, The",The Boondock Saints II: All Saints Day,1/1/2000,8/1/1997,770807373,2009,23,58
182,Bound,Bound,10/1/1996,,13080,1996,92,82
183,"Bounty Hunter, The",The Bounty Hunter,3/10/2014,9/7/2014,770856804,2010,13,51
184,"Bourne Identity, The",The Bourne Identity,6/2/2014,9/1/2000,11357,2002,83,93
186,"Bourne Ultimatum, The",The Bourne Ultimatum,8/7/2014,6/7/2014,358189806,2007,94,91
187,"Box, The",The Box,11/9/2014,9/6/2014,770686237,2009,44,23
188,Braveheart,Braveheart,,6/17/1905,12866,1995,81,85
190,Break,Break,,5/22/1905,770808614,2009,-1,19
191,Breakdown,Breakdown,,3/1/1996,13916,1997,80,65
193,Brick,Brick,4/6/2014,,126518601,2006,80,86
194,Bridesmaids,Bridesmaids,5/11/2014,8/9/2014,771039065,2011,90,76
197,Broken Arrow,Broken Arrow,2/1/1996,3/1/1995,13733,1996,53,45
198,Broken Embraces,Broken Embraces,10/9/2014,,770770202,2009,81,74
199,"Brothers Bloom, The",The Brothers Bloom,9/8/2014,,417267090,2008,66,64
200,Bruce Almighty,Bruce Almighty,,7/2/2014,10528,2003,48,57
202,Bull Durham,Bull Durham,6/1/1988,,16517,1988,97,83
203,Buried,Buried,9/10/2014,,770819772,2010,87,64
205,Burn After Reading,Burn After Reading,9/8/2014,,770671944,2008,78,64
206,Burning Annie,Burning Annie,2/7/2014,1/2/2014,770701440,2004,29,25
207,"Butterfly Effect, The",The Butterfly Effect,1/4/2014,,12979,2004,33,81
208,Cable Guy,The Cable Guy,,10/1/1996,10786,1996,54,51
209,Candle to Water,Candle To Water,11/12/2014,5/12/2014,771369698,2013,-1,0
210,Capote,Capote,2/6/2014,,8267,2005,90,81
211,Carrie,Carrie,11/1/1976,,771305077,2013,49,48
212,Cars 2,Cars 2,6/11/2014,,770805427,2011,39,51
214,Case 39,Case 39,10/10/2014,2/6/2014,770680570,2010,22,40
217,Catch Me If You Can,Catch Me If You Can,12/2/2014,,10662,2002,96,89
219,Cecil B. Demented,Cecil B. Demented,8/1/2000,6/1/1998,14425,2000,52,68
220,Cedar Rapids,Cedar Rapids,2/11/2014,6/9/2014,771193483,2011,85,60
221,Celeste & Jesse Forever,Celeste,8/12/2014,5/11/2014,770804089,1981,-1,33
223,Cellular,Cellular,9/4/2014,7/3/2014,12750,2004,55,60
224,"Change-Up, The",The Change-Up,8/11/2014,7/9/2014,771041150,2011,25,48
225,Changeling,Changeling,10/8/2014,,770677185,2008,62,82
226,Chaos,Chaos,12/5/2014,3/4/2014,292599401,2006,20,58
227,Charade,Charade,12/1/1963,10/1/1962,17945,1963,92,93
228,Charlie's Angels,Charlie's Angels - Full Throttle,,8/1/1999,17226,2003,44,41
230,Chasing Sleep,Chasing Sleep,9/1/2014,,770671969,2000,50,47
231,Cherry Falls,Cherry Falls,8/1/2000,2/1/1998,130560914,2000,46,31
232,Chinatown,Chinatown,6/1/1974,,12883,1974,98,93
233,Chronicle,"The Chronicles of Narnia: The Lion, The Witch and The Wardrobe",2/12/2014,,24214,2005,76,61
234,"Chronicles of Narnia  The Lion, the Witch and the Wardrobe","The Chronicles of Narnia: The Lion, The Witch and The Wardrobe",12/5/2014,,24214,2005,76,61
235,"Cider House Rules, The",The Cider House Rules,12/1/1999,,10411,1999,71,78
236,"Cincinnati Kid, The",The Cincinnati Kid,10/1/1965,,18270,1965,85,79
238,Cirque du Freak  The Vampire's Assistant,Cirque du Freak: The Vampire's Assistant,10/9/2014,,770767597,2009,38,42
240,City of Joy,City of Joy,,10/1/1990,11533,1992,57,77
241,Clash of the Titans,Clash of the Titans,4/10/2014,5/8/2014,10212,1981,66,70
243,Cliffhanger,Cliffhanger,5/1/1993,,16194,1993,69,51
246,Cobb,Cobb,,7/1/1993,13673,1994,67,61
247,Code of Silence,Code of Silence,5/1/1985,,14591,1985,50,51
248,Cold Mountain,Cold Mountain,12/3/2014,,12931,2003,71,77
250,Collateral Damage,Collateral Damage,,4/1/2000,14008,2002,18,27
251,Colombiana,Colombiana,8/11/2014,8/9/2014,771205891,2011,27,67
252,Color of Night,Color of Night,8/1/1994,,13567,1994,22,32
253,Commando,Commando,10/1/1985,4/1/1985,13866,1985,69,68
254,Conan the Barbarian,Conan the Barbarian,8/11/2014,10/9/2014,770782767,2011,24,30
255,Confessions of a Dangerous Mind,Confessions of a Dangerous Mind,,5/1/1998,13421,2002,79,76
256,Confidence,Confidence,,3/1/2000,14362,2003,71,71
257,Constantine,Constantine,2/5/2014,11/2/2014,12977,2005,46,73
259,"Cooler, The",The Cooler,11/3/2014,,13608,2003,77,70
261,Coraline,Coraline,2/9/2014,,770680446,2009,90,72
262,Coriolanus,Coriolanus,1/12/2014,,771204667,2011,93,58
264,Cowboys & Aliens,Cowboys & Aliens,7/11/2014,8/9/2014,770863875,2011,44,44
265,Cradle 2 the Grave,Cradle 2 the Grave,,5/2/2014,15988,2003,26,53
266,Crank,Crank,9/6/2014,2/5/2014,276994403,2006,61,71
267,Crash,Wedding Crashers,,6/18/1905,1967,2005,75,70
268,"Crazy, Stupid, Love","Crazy, Stupid, Love.",7/11/2014,2/10/2014,771203531,2011,78,77
269,Crazylove,Crazylove,10/5/2014,3/4/2014,760382751,2005,-1,55
270,Creation,Creation,1/10/2014,,770800781,2009,45,49
271,Crime Spree,Crime Spree,9/3/2014,3/1/1996,14794,2003,43,57
272,"Crouching Tiger, Hidden Dragon","Crouching Tiger, Hidden Dragon",,,10267,2001,97,86
273,Croupier,Croupier,4/1/2000,,17214,1998,98,80
276,"Crow  City of Angels, The",The Crow: City of Angels,8/1/1996,,16817,1996,12,42
280,"Curious Case of Benjamin Button, The",The Curious Case of Benjamin Button,12/8/2014,10/7/2014,770669386,2008,73,80
281,Custody,Custody,,,770800386,2007,-1,48
282,"Damned United, The",The Damned United,10/9/2014,,770802240,2009,94,85
283,Dances with Wolves,Dances With Wolves,11/1/1990,5/1/1989,12772,1990,81,87
285,"Dark Knight Rises, The",The Dark Knight Rises,7/12/2014,,771041731,2012,88,90
288,Darkman,Darkman,8/1/1990,2/1/1989,16857,1990,80,58
289,Date Night,Date Night,4/10/2014,6/8/2014,770808107,2010,67,55
290,Dave Barry's Complete Guide to Guys,Dave Barry's Complete Guide to Guys,5/6/2014,2/4/2014,770678588,2005,-1,22
291,Dawn of the Dead,Dawn of the Dead,,5/30/1905,17051,2004,75,77
292,Day of the Dead,Day of the Dead,,6/7/1905,17930,1985,82,75
295,Days of Heaven,Days of Heaven,,6/1/1976,10859,1978,93,89
297,Death at a Funeral,Death at a Funeral,4/10/2014,2/9/2014,770669823,2007,61,79
298,Death to Smoochy,Death to Smoochy,,3/1/1997,13722,2002,42,67
299,"Debt, The",The Debt,8/11/2014,,770815579,2011,77,66
300,Deception,Deception,4/8/2014,9/5/2014,770680663,2008,14,31
301,Deep Cover,Deep Cover,4/1/1992,,14730,1992,85,77
304,Defiance,Defiance,1/9/2014,,770682436,2008,57,73
305,"Departed, The",The Departed,10/6/2014,,314387087,2006,92,94
306,"Descendants, The",The Descendants,12/11/2014,,771236985,2011,89,79
307,Despicable Me 2,Despicable Me 2,7/13/2014,,771245727,2013,75,85
308,Detroit Rock City,Detroit Rock City,8/1/1999,,13740,1999,47,83
309,Devil in a Blue Dress,Devil in a Blue Dress,9/1/1995,3/1/1994,13753,1995,87,69
310,Devil's Advocate,The Devil's Advocate,10/1/1997,1/1/1997,22536,1997,66,80
311,Die Hard,Live Free or Die Hard,,,494020502,2007,81,86
312,Die Hard 2,Die Hard 2,7/1/1990,11/1/1989,16789,1990,66,70
313,Diner,Diner,3/1/1982,,13575,1982,96,78
314,"Distinguished Gentleman, The",The Distinguished Gentleman,,12/1/2000,13928,1992,13,37
315,Disturbia,Disturbia,4/7/2014,3/6/2014,554237964,2007,68,78
316,Django Unchained,Django Unchained,12/12/2014,,771245718,2012,88,92
317,Do The Right Thing,Do the Right Thing,,3/1/1988,13900,1989,96,90
319,Dogma,Dogma,,6/21/1905,13107,1999,67,86
320,Donnie Brasco,Donnie Brasco,,7/1/1992,16820,1997,87,89
322,"Doors, The",Doors - The Doors Are Open,3/1/1991,,770894915,1968,-1,86
323,Double Indemnity,Double Indemnity,9/1/1944,,17019,1944,96,95
324,Drag Me to Hell,Drag Me to Hell,5/9/2014,9/7/2014,770785298,2009,92,62
325,Dragonslayer,Dragonslayer,,6/3/1905,10449,1981,85,62
326,Drive,Drive,9/11/2014,9/10/2014,771224338,2011,93,78
327,Drive Angry,Drive Angry,2/11/2014,3/9/2014,770858012,2011,45,37
329,"Dry White Season, A",A Dry White Season,,5/1/1987,13168,1989,86,76
331,Dumb and Dumber,Dumb and Dumber,,11/1/1993,10194,1997,64,84
332,Dune,Dune,,12/1/1983,10851,1984,55,68
333,E.T.,E.T. The Extra-Terrestrial,,6/4/1905,10489,1982,98,71
334,Eagle Eye,Eagle Eye,9/8/2014,3/7/2014,770675744,2008,26,62
335,Eastern Promises,Eastern Promises,9/7/2014,,770671901,2007,89,83
336,Easy A,Easy A,9/10/2014,8/8/2014,770813310,2010,85,77
339,Edward Scissorhands,Edward Scissorhands,,9/1/1990,10019,1990,91,91
340,Eight Legged Freaks,Eight Legged Freaks,,7/1/2000,12821,2002,48,32
343,"Elephant Man, The",The Elephant Man,10/1/1980,,10377,1980,91,93
344,Elizabeth  The Golden Age,Elizabeth: The Golden Age,10/7/2014,7/6/2014,770669564,2007,35,59
347,Enough,Enough,5/2/2014,,10813,2002,22,68
352,Escape From L.A.,Escape from L.A.,,6/18/1905,14018,1996,53,40
353,Escape From New York,Escape from New York,,6/3/1905,14097,1981,83,77
355,Even Cowgirls Get the Blues,Even Cowgirls Get the Blues,5/1/1994,,14680,1994,22,28
356,Event Horizon,Event Horizon,8/1/1997,,13353,1997,24,63
359,Excalibur,Excalibur,4/1/1981,,13073,1981,82,81
361,eXistenZ,eXistenZ,4/1/1999,10/1/1996,13224,1999,71,70
362,Extract,Extract,9/9/2014,3/8/2014,770791072,2009,63,38
365,Face Off,Face/Off,6/1/1997,9/1/1996,13172,1997,91,83
366,Fair Game,Fair Game,11/10/2014,,770809925,2010,79,66
368,Fantastic Four,Fantastic Four: Rise of the Silver Surfer,7/5/2014,,364517593,2007,37,52
369,Fantastic Mr Fox,Fantastic Mr. Fox,11/9/2014,3/7/2014,770685760,2009,93,84
372,Fatal Instinct,Fatal Instinct,,6/15/1905,12162,1993,19,42
374,Feast,Feast,9/6/2014,5/4/2014,287865377,2006,56,60
376,Field of Dreams,Field of Dreams,4/1/1989,3/1/1988,11618,1989,87,87
377,"Fifth Element, The",Graffiti Verite 8: The Fifth Element - The Art of the BeatBoxer,,8/1/1995,771203079,2010,-1,0
379,"Fighter, The",Street Fighter: The Legend of Chun-Li,12/10/2014,,770781883,2009,18,17
381,Final Destination 2,Final Destination 2,,,13166,2003,47,59
382,Finding Nemo,Finding Nemo,5/3/2014,5/3/2014,9377,2003,99,86
384,Flash Gordon,Flash Gordon,12/1/1980,3/1/1979,10762,1980,81,70
385,Fletch,Fletch,,5/1/1986,10276,1985,75,83
386,Flight,Flight,11/12/2014,12/11/2014,771307095,2012,78,75
387,"Flintstones, The",The Flintstones,,9/1/1987,12326,1994,22,24
390,Four Rooms,Four Rooms,12/1/1995,,13075,1995,14,71
391,Fracture,Fracture,4/7/2014,1/5/2014,632318478,2007,72,73
392,Frances,Frances,12/1/1982,,16757,1982,93,78
393,Frankenstein,Frankenstein,11/1/1994,2/1/1993,771351525,2015,-1,99
394,Freaked,Freaked,10/1/1993,1/1/1992,280158885,1993,47,64
400,Fright Night,Fright Night,8/11/2014,,771028776,2011,72,59
401,Fright Night (1985),Fright Night,8/1/1985,9/1/1984,771028776,2011,72,59
403,From Here to Eternity,From Here to Eternity,9/1/1953,8/1/1952,18520,1953,89,85
404,Frozen,Frozen,2/10/2014,1/9/2014,770856799,2010,62,46
405,Frozen River,Frozen River,8/8/2014,,770682503,2008,87,74
408,Funny People,Funny People,7/9/2014,4/8/2014,770752737,2009,68,48
409,G.I. Jane,G.I. Jane,,8/1/1995,13393,1997,55,54
410,G.I. Joe  The Rise of Cobra,G.I. Joe: The Rise of Cobra,8/9/2014,11/7/2014,770677827,2009,34,50
411,Game 6,Game 6,6/5/2014,5/4/2014,49249001,2005,60,38
413,Gamer,Gamer,9/9/2014,9/7/2014,770681197,2009,29,39
414,Gandhi,Gandhi,12/1/1982,,10197,1982,87,93
415,Gang Related,Gang Related,10/1/1997,,14650,1997,56,67
416,Gangs of New York,Gangs of New York,,2/2/2014,13106,2002,75,81
418,Get Carter,Get Carter,3/1/1971,,15255,2000,12,28
419,Get Low,Get Low,7/10/2014,,770808815,2010,84,75
421,"Getaway, The",The Getaway,,2/1/1972,10989,1972,85,82
422,Ghost,Ghost,,9/1/1990,10185,1990,74,81
424,Ghost Rider,Ghost Rider,2/7/2014,4/1/2014,364555500,2007,26,48
427,Ghostbusters,Ghostbusters,,5/1/1988,12000,1984,96,87
428,Ghostbusters 2,Ghostbusters 2,,2/1/1989,11227,1989,51,61
429,Ginger Snaps,Ginger Snaps,5/1/2014,7/1/1996,16854,2000,89,78
430,"Girl with the Dragon Tattoo, The",The Girl with the Dragon Tattoo,12/11/2014,,771202144,2011,86,86
431,Gladiator,Gladiator,,10/1/1998,13065,2000,76,87
433,Go,Harry Potter and the Goblet of Fire,,4/1/1997,9272,2005,88,73
436,"Godfather Part III, The","The Godfather, Part III",12/1/1990,3/1/1979,13476,1990,68,78
440,"Good Girl, The",The Good Girl,8/2/2014,,13289,2002,81,59
443,Gothika,Gothika,11/3/2014,12/2/2014,14382,2003,15,46
445,Gran Torino,Gran Torino,1/9/2014,,770785728,2008,79,90
446,Grand Hotel,Grand Hotel,4/1/1932,,19274,1932,87,78
447,Grand Theft Parsons,Grand Theft Parsons,6/4/2014,6/3/2014,11810,2003,44,52
449,"Green Mile, The",The Green Mile,,11/1/1997,12939,1999,80,94
450,Gremlins,Gremlins,6/1/1984,4/1/1982,12357,1984,84,77
451,Gremlins 2,Gremlins 2: The New Batch,6/1/1990,2/1/1989,11414,1990,69,57
454,Groundhog Day,Groundhog Day,2/1/1993,1/1/1992,11770,1993,97,87
455,"Grudge, The",The Grudge 2,10/4/2014,1/4/2014,314387262,2006,10,41
456,Hackers,Hackers,9/1/1995,,10572,1995,34,69
457,Hall Pass,Hall Pass,2/11/2014,9/9/2014,771041144,2011,34,41
459,Hancock,Hancock,7/8/2014,,770679092,2008,41,60
460,"Hangover, The",The Hangover,6/9/2014,9/7/2014,770801897,2009,79,84
461,Hanna,Hanna,4/11/2014,,771091481,2011,72,66
465,Happy Feet,Happy Feet,11/6/2014,,345732304,2006,75,70
466,Hard Rain,Hard Rain,1/1/1998,,14947,1998,25,34
467,Hard to Kill,Hard to Kill,,2/1/1990,13983,1990,33,47
468,Harold and Kumar Go to White Castle,Harold & Kumar Go to White Castle,6/4/2014,5/3/2014,16982,2004,74,80
476,He's Just Not That Into You,He's Just Not That Into You,2/9/2014,7/7/2014,770679229,2009,41,60
477,Heat,Heat,,3/1/1994,13098,1995,86,94
479,Heavenly Creatures,Heavenly Creatures,,6/16/1905,22544,1994,94,84
481,"Hebrew Hammer, The",The Hebrew Hammer,1/3/2014,,17144,2002,52,64
482,Heist,Heist,,3/1/1999,14390,2001,65,61
484,Hellboy,Hellboy II: The Golden Army (Hellboy 2),4/4/2014,6/3/2014,770673038,2008,87,70
485,Hellboy 2  The Golden Army,Hellboy II: The Golden Army (Hellboy 2),7/8/2014,,770673038,2008,87,70
487,Hellraiser 3  Hell on Earth,Hellraiser 3: Hell on Earth,9/1/1992,7/1/1991,13361,1992,17,37
488,Hellraiser  Deader,Hellraiser - Deader,6/5/2014,8/2/2014,13282,2004,17,27
489,Hellraiser  Hellseeker,Hellraiser VI - Hellseeker,10/2/2014,10/1/2000,13387,2001,0,37
490,"Help, The",The Wheels on the Bus: Mango Helps the Moon Mouse,8/11/2014,11/9/2014,770829670,2005,-1,100
491,Henry Fool,Henry Fool,6/1/1998,,14783,1998,89,82
492,Henry's Crime,Henry's Crime,4/11/2014,,771195234,2010,40,24
493,Hesher,Hesher,5/11/2014,7/8/2014,770814817,2011,54,61
494,High Fidelity,High Fidelity,,9/1/1998,12937,2000,92,90
495,Highlander,Highlander,,6/8/1905,15929,1986,67,80
497,"Hills Have Eyes, The",The Hills Have Eyes 2,3/6/2014,2/5/2014,493950127,2007,11,40
498,His Girl Friday,His Girl Friday,1/1/1940,,19344,1940,97,91
499,Hitchcock,Hitchcock,12/12/2014,,771316384,2012,62,61
500,"Hitchhiker's Guide to the Galaxy, The",The Hitchhiker's Guide to the Galaxy,4/5/2014,8/3/2014,17,2005,60,65
501,Hollow Man,Hollow Man,,6/1/1998,14339,2000,27,27
502,Honeydripper,Honeydripper,12/7/2014,6/6/2014,770675536,2007,67,57
503,Horrible Bosses,Horrible Bosses,7/11/2014,4/10/2014,771041149,2011,69,70
505,"Hospital, The",The Hospital,12/1/1971,,11661,1971,100,73
506,Hostage,Hostage,3/5/2014,3/2/2014,15283,2005,35,63
507,Hot Tub Time Machine,Hot Tub Time Machine,3/10/2014,,770813651,2010,63,56
508,Hotel Rwanda,Hotel Rwanda,2/5/2014,,12856,2004,90,94
509,House of 1000 Corpses,House of 1000 Corpses,,3/1/2000,12901,2002,18,66
510,How to Lose Friends & Alienate People,How to Lose Friends & Alienate People,10/8/2014,9/7/2014,770679404,2008,36,43
511,How to Train Your Dragon,How to Train Your Dragon 2,3/10/2014,,771040382,2014,-1,99
514,Human Nature,Human Nature,,1/1/2014,14426,2002,49,62
515,I Am Number Four,I Am Number Four,2/11/2014,1/10/2014,770874975,2011,33,58
516,I am Sam,I Am Sam,1/2/2014,,10389,2001,34,87
517,I Love You Phillip Morris,I Love You Phillip Morris,1/10/2014,4/8/2014,770782173,2009,72,61
518,I Still Know What You Did Last Summer,I Still Know What You Did Last Summer,11/1/1998,,14749,1998,7,29
519,I'll Do Anything,I'll Do Anything,2/1/1994,,12349,1994,61,47
520,"I, Robot","I, Robot",7/4/2014,,10040,2004,58,70
522,"Ides of March, The",The Ides of March,10/11/2014,,771234469,2011,85,73
523,"Imaginarium of Doctor Parnassus, The",The Imaginarium of Doctor Parnassus,9/9/2014,5/7/2014,770683433,2009,64,60
524,In the Bedroom,In the Bedroom,1/2/2014,,13633,2001,93,81
525,In the Loop,In the Loop,7/9/2014,,770783979,2008,94,81
528,Indiana Jones and the Last Crusade,Indiana Jones and the Last Crusade,,6/11/1905,23531,1989,88,94
529,Indiana Jones and the Raiders of the Lost Ark,Raiders of the Lost Ark,,6/3/1905,23529,1981,95,96
530,Indiana Jones and the Temple of Doom,Indiana Jones and the Temple of Doom,,6/6/1905,23530,1984,84,81
532,"Informant, The",The Informant!,9/9/2014,1/3/2014,770783635,2009,78,43
533,Inglourious Basterds,Inglourious Basterds,8/9/2014,7/8/2014,770671947,2009,89,87
536,Insidious,Insidious,4/11/2014,,771205539,2011,66,61
537,Insomnia,Insomnia,5/2/2014,2/1/2000,14923,2002,92,76
539,Into the Wild,Into the Wild,9/7/2014,,770671490,2007,82,89
540,Intolerable Cruelty,Intolerable Cruelty,,3/1/1997,11037,2003,75,48
541,Inventing the Abbotts,Inventing the Abbotts,,3/1/1996,13617,1997,31,53
542,"Invention of Lying, The",The Invention of Lying,10/9/2014,6/7/2014,770717076,2009,57,39
543,Invictus,Invictus,12/9/2014,5/7/2014,770810965,2009,76,75
544,"Iron Lady, The",The Iron Lady,1/12/2014,,771241349,2011,51,51
545,"Island, The",Journey 2: The Mysterious Island,7/5/2014,1/4/2014,771042281,2012,42,60
546,It Happened One Night,It Happened One Night,2/1/1934,,18256,1934,98,94
549,It's Complicated,It's Complicated,12/9/2014,,770814954,2009,56,60
550,"Italian Job, The",The Italian Job,,12/1/2014,10189,2003,73,80
551,"Jacket, The",The Jacket,3/5/2014,4/3/2014,13085,2005,44,74
555,Jane Eyre,Jane Eyre,3/11/2014,3/8/2014,771090722,2011,84,76
557,Jaws,Jaws,,5/28/1905,10288,1975,98,90
558,Jaws 2,Jaws 2,,5/31/1905,10597,1978,53,38
559,Jay and Silent Bob Strike Back,Jay and Silent Bob Strike Back,,1/1/2014,13081,2001,54,75
560,Jennifer Eight,Jennifer 8,11/1/1992,6/1/1991,14660,1992,35,37
561,Jennifer's Body,Jennifer's Body,9/9/2014,9/7/2014,770783548,2009,42,34
563,JFK,JFK,,6/13/1905,14984,1992,84,89
564,Jimmy and Judy,Jimmy and Judy,,8/4/2014,326392923,2005,43,67
566,Judge Dredd,Judge Dredd,6/1/1995,3/1/1994,13602,1995,18,30
567,Juno,Juno,12/7/2014,2/7/2014,770675878,2007,94,88
572,Kalifornia,Kalifornia,,,16615,1993,67,65
573,Kate & Leopold,Kate & Leopold,,12/1/2014,10350,2001,50,63
574,Kids,Kids,7/1/1995,,16795,1995,49,77
575,"Kids Are All Right, The",The Kids Are All Right,7/10/2014,8/9/2014,770819676,2010,93,73
576,Kill Bill Volume 1 & 2,Kill Bill: Volume 1,,,12865,2003,85,80
577,Killing Zoe,Killing Zoe,,,16732,1994,33,65
578,King Kong,King Kong,12/5/2014,,24220,2005,84,49
579,"King of Comedy, The",The King of Comedy,,12/1/1976,10861,1983,93,89
580,"King's Speech, The",The King's Speech,12/10/2014,,770816664,2010,94,92
581,"Kingdom, The",Indiana Jones and the Kingdom of the Crystal Skull,9/7/2014,8/6/2014,769964099,2008,78,54
584,Kramer vs Kramer,Kramer vs. Kramer,,6/1/1905,11122,1979,87,89
586,Kung Fu Panda,Kung Fu Panda,6/8/2014,,770672401,2008,87,82
588,Labor of Love,Labor of Love,,,770933185,1999,-1,0
589,Labyrinth,Labyrinth,,6/8/1905,10057,1986,66,86
590,"Ladykillers, The",The Ladykillers,3/4/2014,,14905,2004,55,43
591,Lake Placid,Lake Placid,7/1/1999,5/1/1998,16700,1999,39,36
592,Land of the Dead,Land of the Dead,6/5/2014,8/4/2014,1785,2005,74,52
593,Larry Crowne,Larry Crowne,7/11/2014,11/9/2014,771199080,2011,35,41
594,"Last Boy Scout, The",The Last Boy Scout,,,13469,1991,44,69
595,Last Chance Harvey,Last Chance Harvey,1/9/2014,,770784001,2008,70,53
596,"Last Flight, The",The Last Flight of Noah's Ark,8/31/2014,,22481,1980,40,49
597,"Last of the Mohicans, The",The Last of the Mohicans,9/1/1992,,14752,1992,94,88
598,"Last Samurai, The",The Last Samurai,,,133039558,2003,65,83
599,"Last Station, The",The Last Station,12/9/2014,,770783613,2009,70,67
600,Last Tango in Paris,Last Tango in Paris,2/1/1973,,157435123,1972,81,76
601,Law Abiding Citizen,Law Abiding Citizen,10/9/2014,9/8/2014,770804709,2009,25,75
603,Legally Blonde,Legally Blonde,,7/1/2000,10298,2001,68,72
604,Legend,I Am Legend,,3/1/1984,770669778,2007,70,68
605,Legion,Legion,1/10/2014,10/7/2014,770784236,2010,20,31
606,Les Miserables,Les Miserables,12/12/2014,5/12/2014,771253949,2012,70,79
610,Liar Liar,Liar Liar,3/1/1997,4/1/1996,12169,1997,81,75
611,Life,Life,4/1/1999,,13169,1999,50,78
613,"Life of David Gale, The",The Life of David Gale,2/3/2014,3/1/1998,13604,2003,19,82
614,Life of Pi,Life of Pi,11/12/2014,,770673482,2012,87,85
615,Light Sleeper,Light Sleeper,8/1/1992,,16237,1992,90,64
617,Limitless,Limitless,3/11/2014,12/9/2014,771036677,2011,70,73
618,Lincoln,Lincoln,11/12/2014,12/11/2014,770682079,2012,90,81
619,"Lincoln Lawyer, The",The Lincoln Lawyer,3/11/2014,7/6/2014,771021934,2011,83,82
621,Little Athens,Little Athens,11/6/2014,3/4/2014,309887147,2005,40,31
622,"Little Mermaid, The","Little Mermaid, The: DVD Read-Along",,6/11/1905,770951780,2002,-1,100
624,Living in Oblivion,Living in Oblivion,6/1/1995,,13774,1995,87,87
625,"Lock, Stock and Two Smoking Barrels","Lock, Stock and Two Smoking Barrels",,6/20/1905,15261,1999,76,93
628,"Long Kiss Goodnight, The",The Long Kiss Goodnight,,6/18/1905,13322,1996,67,71
629,Looper,Looper,9/12/2014,,771186945,2012,93,82
631,"Lord of the Rings  Fellowship of the Ring, The",The Lord of the Rings: The Fellowship of the Ring,,,12769,2001,91,95
632,Lord of the Rings  Return of the King,The Lord of the Rings: The Return of the King,12/3/2014,10/3/2014,10156,2003,94,86
633,Lord of the Rings  The Two Towers,Lord Of The Rings: The Fellowship Of The Rings & Two Towers (Dou,12/2/2014,,771323009,2003,-1,90
634,Lord of War,Lord of War,9/5/2014,,7583,2005,61,85
635,"Losers, The",The Losers,4/10/2014,2/7/2014,770818088,2010,49,54
636,Lost Highway,Lost Highway,,6/1/1995,16879,1997,59,88
637,Lost Horizon,Lost Horizon,9/1/1937,3/1/1936,17127,1937,100,82
638,Lost in Space,Lost in Space,,6/20/1905,10920,1998,29,24
639,Lost in Translation,Lost In Translation,10/3/2014,9/2/2014,12972,2003,95,86
641,Machete,Machete,9/10/2014,,770672158,2010,72,64
642,Machine Gun Preacher,Machine Gun Preacher,9/11/2014,9/10/2014,771237853,2011,29,63
643,Mad Max 2  The Road Warrior,Mad Max 2: The Road Warrior,5/1/1982,4/1/1981,13087,1981,100,85
647,Major League,Major League,,6/11/1905,13022,1989,81,85
648,Malcolm X,Malcolm X,,6/13/1905,10624,1992,91,92
649,Malibu's Most Wanted,Malibu's Most Wanted,,7/2/2014,11677,2003,30,54
651,Man On Fire,Man on Fire,4/4/2014,2/3/2014,12876,2004,39,90
652,Man on the Moon,Man on the Moon,,6/21/1905,13765,1999,63,79
653,Man Trouble,Man Trouble,,4/1/1991,12534,1992,17,15
654,"Man Who Knew Too Much, The",The Man Who Knew Too Much,,5/1/1955,10334,1956,89,81
656,"Manchurian Candidate, The",The Manchurian Candidate,7/4/2014,8/3/2014,14500,2004,81,63
658,Margaret,Margaret,9/11/2014,11/5/2014,771164930,2011,72,48
659,Margin Call,Margin Call,10/11/2014,7/10/2014,771225052,2011,88,74
660,Margot at the Wedding,Margot at the Wedding,11/7/2014,,770673924,2007,52,40
661,"Mariachi, El",El Mariachi,,,13961,1993,93,76
662,Marley & Me,Marley,12/8/2014,3/7/2014,771269025,2012,95,90
663,Martha Marcy May Marlene,Martha Marcy May Marlene,10/11/2014,,771224182,2011,90,71
664,Marty,Marty,7/1/1955,,17218,1955,100,88
666,"Mask, The",Behind the Mask: The Rise of Leslie Vernon,7/1/1994,,377006855,2006,74,75
667,Master and Commander,Master and Commander: The Far Side of the World,11/3/2014,,10125,2003,85,80
668,"Master, The",nan,9/12/2014,,770884758,,,
